state,market,commodity,date,arrivals,modal_price
Uttar Pradesh,Auraiya APMC,Onion,2024-03-26,2.5,1760.0
Uttar Pradesh,Auraiya APMC,Potato,2024-03-26,15.0,1380.0
Uttar Pradesh,Auraiya APMC,Rice,2024-03-26,20.0,2920.0
Uttar Pradesh,Auraiya APMC,Wheat,2024-03-26,10.0,2480.0
Uttar Pradesh,Bahraich APMC,Onion,2024-03-26,46.5,1975.0
Uttar Pradesh,Bahraich APMC,Potato,2024-03-26,85.0,1500.0
Uttar Pradesh,Bahraich APMC,Rice,2024-03-26,440.0,2830.0
Uttar Pradesh,Bahraich APMC,Wheat,2024-03-26,210.0,2455.0
Uttar Pradesh,Basti APMC,Onion,2024-03-26,30.0,1950.0
Uttar Pradesh,Basti APMC,Potato,2024-03-26,51.5,1425.0
Uttar Pradesh,Basti APMC,Rice,2024-03-26,67.5,2780.0
Uttar Pradesh,Basti APMC,Wheat,2024-03-26,56.0,2475.0
Uttar Pradesh,Bindki APMC,Onion,2024-03-26,1.5,1940.0
Uttar Pradesh,Bindki APMC,Potato,2024-03-26,20.0,1340.0
Uttar Pradesh,Bindki APMC,Rice,2024-03-26,1.2,2700.0
Uttar Pradesh,Bindki APMC,Wheat,2024-03-26,1.0,2400.0
Uttar Pradesh,Fatehpur APMC,Onion,2024-03-26,0.5,1930.0
Uttar Pradesh,Fatehpur APMC,Potato,2024-03-26,0.7,1360.0
Uttar Pradesh,Fatehpur APMC,Rice,2024-03-26,9.0,2970.0
Uttar Pradesh,Fatehpur APMC,Wheat,2024-03-26,15.5,2420.0
Uttar Pradesh,Gazipur APMC,Onion,2024-03-26,50.0,1800.0
Uttar Pradesh,Gazipur APMC,Potato,2024-03-26,70.0,1400.0
Uttar Pradesh,Gazipur APMC,Rice,2024-03-26,85.0,3560.0
Uttar Pradesh,Gazipur APMC,Wheat,2024-03-26,28.0,2420.0
Uttar Pradesh,Ghaziabad APMC,Onion,2024-03-26,90.0,1860.0
Uttar Pradesh,Ghaziabad APMC,Potato,2024-03-26,250.0,1300.0
Uttar Pradesh,Kayamganj APMC,Onion,2024-03-26,12.0,1820.0
Uttar Pradesh,Kayamganj APMC,Potato,2024-03-26,350.0,1400.0
Uttar Pradesh,Kayamganj APMC,Rice,2024-03-26,30.0,2850.0
Uttar Pradesh,Kayamganj APMC,Wheat,2024-03-26,17.0,2500.0
Uttar Pradesh,Lakhimpur APMC,Onion,2024-03-26,60.0,1800.0
Uttar Pradesh,Lakhimpur APMC,Potato,2024-03-26,100.0,1320.0
Uttar Pradesh,Lakhimpur APMC,Rice,2024-03-26,130.0,2880.0
Uttar Pradesh,Lakhimpur APMC,Wheat,2024-03-26,200.0,2460.0
Uttar Pradesh,Lucknow APMC,Onion,2024-03-26,200.0,1900.0
Uttar Pradesh,Lucknow APMC,Potato,2024-03-26,550.0,1400.0
Uttar Pradesh,Lucknow APMC,Rice,2024-03-26,250.0,3020.0
Uttar Pradesh,Lucknow APMC,Wheat,2024-03-26,220.0,2550.0
Uttar Pradesh,Muradabad APMC,Onion,2024-03-26,85.0,1760.0
Uttar Pradesh,Muradabad APMC,Potato,2024-03-26,110.0,1300.0
Uttar Pradesh,Muzzafarnagar APMC,Onion,2024-03-26,20.0,1900.0
Uttar Pradesh,Muzzafarnagar APMC,Potato,2024-03-26,50.0,1300.0
Uttar Pradesh,Muzzafarnagar APMC,Rice,2024-03-26,520.0,3170.0
Uttar Pradesh,Muzzafarnagar APMC,Wheat,2024-03-26,50.0,2460.0
Uttar Pradesh,Saharanpur APMC,Onion,2024-03-26,200.0,1850.0
Uttar Pradesh,Saharanpur APMC,Potato,2024-03-26,280.0,1250.0
Uttar Pradesh,Saharanpur APMC,Rice,2024-03-26,46.0,3180.0
Uttar Pradesh,Saharanpur APMC,Wheat,2024-03-26,350.0,2460.0
Uttar Pradesh,Unnao APMC,Onion,2024-03-26,5.5,1875.0
Uttar Pradesh,Unnao APMC,Potato,2024-03-26,48.5,1285.0
Uttar Pradesh,Achalda APMC,Onion,2024-03-27,2.0,1760.0
Uttar Pradesh,Achalda APMC,Potato,2024-03-27,10.0,1380.0
Uttar Pradesh,Achalda APMC,Rice,2024-03-27,12.0,2900.0
Uttar Pradesh,Achalda APMC,Wheat,2024-03-27,15.0,2450.0
Uttar Pradesh,Auraiya APMC,Onion,2024-03-27,7.0,1750.0
Uttar Pradesh,Auraiya APMC,Potato,2024-03-27,45.0,1380.0
Uttar Pradesh,Auraiya APMC,Rice,2024-03-27,12.0,2930.0
Uttar Pradesh,Auraiya APMC,Wheat,2024-03-27,9.0,2480.0
Uttar Pradesh,Bahraich APMC,Onion,2024-03-27,50.0,1935.0
Uttar Pradesh,Bahraich APMC,Potato,2024-03-27,73.5,1510.0
Uttar Pradesh,Bahraich APMC,Rice,2024-03-27,540.0,2825.0
Uttar Pradesh,Bahraich APMC,Wheat,2024-03-27,220.0,2460.0
Uttar Pradesh,Basti APMC,Onion,2024-03-27,34.5,1850.0
Uttar Pradesh,Basti APMC,Potato,2024-03-27,61.0,1460.0
Uttar Pradesh,Basti APMC,Rice,2024-03-27,55.0,2800.0
Uttar Pradesh,Basti APMC,Wheat,2024-03-27,60.0,2515.0
Uttar Pradesh,Bindki APMC,Onion,2024-03-27,1.5,1970.0
Uttar Pradesh,Bindki APMC,Potato,2024-03-27,25.0,1330.0
Uttar Pradesh,Bindki APMC,Rice,2024-03-27,104.5,2590.0
Uttar Pradesh,Bindki APMC,Wheat,2024-03-27,4.0,2420.0
Uttar Pradesh,Chandoli APMC,Onion,2024-03-27,15.0,1825.0
Uttar Pradesh,Chandoli APMC,Potato,2024-03-27,26.0,1425.0
Uttar Pradesh,Chandoli APMC,Rice,2024-03-27,32.5,2770.0
Uttar Pradesh,Chandoli APMC,Wheat,2024-03-27,25.0,2400.0
Uttar Pradesh,Fatehpur APMC,Onion,2024-03-27,1.5,1935.0
Uttar Pradesh,Fatehpur APMC,Potato,2024-03-27,4.5,1350.0
Uttar Pradesh,Fatehpur APMC,Rice,2024-03-27,1.5,2980.0
Uttar Pradesh,Fatehpur APMC,Wheat,2024-03-27,2.0,2425.0
Uttar Pradesh,Gazipur APMC,Onion,2024-03-27,54.0,1825.0
Uttar Pradesh,Gazipur APMC,Potato,2024-03-27,72.0,1420.0
Uttar Pradesh,Gazipur APMC,Rice,2024-03-27,93.0,3560.0
Uttar Pradesh,Gazipur APMC,Wheat,2024-03-27,30.0,2420.0
Uttar Pradesh,Ghaziabad APMC,Onion,2024-03-27,100.0,1830.0
Uttar Pradesh,Ghaziabad APMC,Potato,2024-03-27,280.0,1280.0
Uttar Pradesh,Ghaziabad APMC,Rice,2024-03-27,260.0,3200.0
Uttar Pradesh,Ghaziabad APMC,Wheat,2024-03-27,1015.0,2530.0
Uttar Pradesh,Kayamganj APMC,Onion,2024-03-27,13.5,1800.0
Uttar Pradesh,Kayamganj APMC,Potato,2024-03-27,315.0,1410.0
Uttar Pradesh,Kayamganj APMC,Rice,2024-03-27,45.0,2840.0
Uttar Pradesh,Kayamganj APMC,Wheat,2024-03-27,22.0,2480.0
Uttar Pradesh,Lakhimpur APMC,Onion,2024-03-27,60.0,1880.0
Uttar Pradesh,Lakhimpur APMC,Potato,2024-03-27,170.0,1340.0
Uttar Pradesh,Lakhimpur APMC,Rice,2024-03-27,50.0,2865.0
Uttar Pradesh,Lakhimpur APMC,Wheat,2024-03-27,100.0,2450.0
Uttar Pradesh,Lucknow APMC,Onion,2024-03-27,180.0,1920.0
Uttar Pradesh,Lucknow APMC,Potato,2024-03-27,500.0,1400.0
Uttar Pradesh,Lucknow APMC,Rice,2024-03-27,240.0,3025.0
Uttar Pradesh,Lucknow APMC,Wheat,2024-03-27,210.0,2560.0
Uttar Pradesh,Muradabad APMC,Onion,2024-03-27,125.0,1750.0
Uttar Pradesh,Muradabad APMC,Potato,2024-03-27,160.0,1320.0
Uttar Pradesh,Muradabad APMC,Rice,2024-03-27,75.0,2880.0
Uttar Pradesh,Muradabad APMC,Wheat,2024-03-27,85.0,2490.0
Uttar Pradesh,Muzzafarnagar APMC,Onion,2024-03-27,20.0,1850.0
Uttar Pradesh,Muzzafarnagar APMC,Potato,2024-03-27,90.0,1300.0
Uttar Pradesh,Muzzafarnagar APMC,Rice,2024-03-27,220.0,3170.0
Uttar Pradesh,Muzzafarnagar APMC,Wheat,2024-03-27,70.0,2470.0
Uttar Pradesh,Saharanpur APMC,Onion,2024-03-27,170.0,1850.0
Uttar Pradesh,Saharanpur APMC,Potato,2024-03-27,250.0,1270.0
Uttar Pradesh,Saharanpur APMC,Rice,2024-03-27,50.0,3170.0
Uttar Pradesh,Saharanpur APMC,Wheat,2024-03-27,310.0,2480.0
Uttar Pradesh,Unnao APMC,Onion,2024-03-27,4.5,1875.0
Uttar Pradesh,Unnao APMC,Potato,2024-03-27,38.7,1280.0
Uttar Pradesh,Unnao APMC,Rice,2024-03-27,19.8,2790.0
Uttar Pradesh,Unnao APMC,Wheat,2024-03-27,20.0,2415.0
Uttar Pradesh,Achalda APMC,Onion,2024-03-28,1.0,1750.0
Uttar Pradesh,Achalda APMC,Potato,2024-03-28,10.0,1380.0
Uttar Pradesh,Achalda APMC,Rice,2024-03-28,10.0,2950.0
Uttar Pradesh,Achalda APMC,Wheat,2024-03-28,10.0,2470.0
Uttar Pradesh,Auraiya APMC,Onion,2024-03-28,9.0,1700.0
Uttar Pradesh,Auraiya APMC,Potato,2024-03-28,60.0,1400.0
Uttar Pradesh,Auraiya APMC,Rice,2024-03-28,10.0,2950.0
Uttar Pradesh,Auraiya APMC,Wheat,2024-03-28,15.0,2480.0
Uttar Pradesh,Bahraich APMC,Onion,2024-03-28,52.0,1900.0
Uttar Pradesh,Bahraich APMC,Potato,2024-03-28,85.0,1500.0
Uttar Pradesh,Bahraich APMC,Rice,2024-03-28,530.0,2835.0
Uttar Pradesh,Bahraich APMC,Wheat,2024-03-28,250.0,2450.0
Uttar Pradesh,Basti APMC,Onion,2024-03-28,37.0,1800.0
Uttar Pradesh,Basti APMC,Potato,2024-03-28,57.5,1475.0
Uttar Pradesh,Basti APMC,Rice,2024-03-28,46.0,2810.0
Uttar Pradesh,Basti APMC,Wheat,2024-03-28,55.0,2540.0
Uttar Pradesh,Bindki APMC,Onion,2024-03-28,1.3,1990.0
Uttar Pradesh,Bindki APMC,Potato,2024-03-28,18.0,1360.0
Uttar Pradesh,Bindki APMC,Rice,2024-03-28,659.000001,5846.666666666667
Uttar Pradesh,Bindki APMC,Wheat,2024-03-28,140.0,2530.0
Uttar Pradesh,Chandoli APMC,Onion,2024-03-28,18.0,1780.0
Uttar Pradesh,Chandoli APMC,Potato,2024-03-28,28.0,1420.0
Uttar Pradesh,Chandoli APMC,Rice,2024-03-28,35.0,2770.0
Uttar Pradesh,Chandoli APMC,Wheat,2024-03-28,24.0,2410.0
Uttar Pradesh,Gazipur APMC,Onion,2024-03-28,50.0,1800.0
Uttar Pradesh,Gazipur APMC,Potato,2024-03-28,60.0,1420.0
Uttar Pradesh,Gazipur APMC,Rice,2024-03-28,90.0,3570.0
Uttar Pradesh,Gazipur APMC,Wheat,2024-03-28,35.0,2420.0
Uttar Pradesh,Ghaziabad APMC,Onion,2024-03-28,80.0,1850.0
Uttar Pradesh,Ghaziabad APMC,Potato,2024-03-28,200.0,1350.0
Uttar Pradesh,Ghaziabad APMC,Rice,2024-03-28,300.0,3200.0
Uttar Pradesh,Ghaziabad APMC,Wheat,2024-03-28,620.0,2520.0
Uttar Pradesh,Kayamganj APMC,Onion,2024-03-28,15.0,1780.0
Uttar Pradesh,Kayamganj APMC,Potato,2024-03-28,505.0,1410.0
Uttar Pradesh,Kayamganj APMC,Rice,2024-03-28,48.0,2840.0
Uttar Pradesh,Kayamganj APMC,Wheat,2024-03-28,19.0,2485.0
Uttar Pradesh,Lakhimpur APMC,Onion,2024-03-28,70.0,1860.0
Uttar Pradesh,Lakhimpur APMC,Potato,2024-03-28,150.0,1310.0
Uttar Pradesh,Lakhimpur APMC,Rice,2024-03-28,120.0,2850.0
Uttar Pradesh,Lakhimpur APMC,Wheat,2024-03-28,260.0,2420.0
Uttar Pradesh,Lucknow APMC,Onion,2024-03-28,120.0,1900.0
Uttar Pradesh,Lucknow APMC,Potato,2024-03-28,530.0,1420.0
Uttar Pradesh,Lucknow APMC,Rice,2024-03-28,220.0,3030.0
Uttar Pradesh,Lucknow APMC,Wheat,2024-03-28,200.0,2520.0
Uttar Pradesh,Muradabad APMC,Onion,2024-03-28,118.0,1740.0
Uttar Pradesh,Muradabad APMC,Potato,2024-03-28,180.0,1330.0
Uttar Pradesh,Muradabad APMC,Rice,2024-03-28,80.0,2870.0
Uttar Pradesh,Muradabad APMC,Wheat,2024-03-28,90.0,2480.0
Uttar Pradesh,Muzzafarnagar APMC,Onion,2024-03-28,22.0,1850.0
Uttar Pradesh,Muzzafarnagar APMC,Potato,2024-03-28,75.0,1300.0
Uttar Pradesh,Muzzafarnagar APMC,Rice,2024-03-28,60.0,3175.0
Uttar Pradesh,Muzzafarnagar APMC,Wheat,2024-03-28,50.0,2470.0
Uttar Pradesh,Saharanpur APMC,Onion,2024-03-28,130.0,1850.0
Uttar Pradesh,Saharanpur APMC,Potato,2024-03-28,230.0,1300.0
Uttar Pradesh,Saharanpur APMC,Rice,2024-03-28,45.0,3180.0
Uttar Pradesh,Saharanpur APMC,Wheat,2024-03-28,320.0,2470.0
Uttar Pradesh,Unnao APMC,Onion,2024-03-28,5.5,1875.0
Uttar Pradesh,Unnao APMC,Potato,2024-03-28,35.0,1315.0
Uttar Pradesh,Unnao APMC,Rice,2024-03-28,18.8,2825.0
Uttar Pradesh,Unnao APMC,Wheat,2024-03-28,22.9,2420.0
Uttar Pradesh,Achalda APMC,Onion,2024-03-29,2.0,1740.0
Uttar Pradesh,Achalda APMC,Potato,2024-03-29,20.0,1390.0
Uttar Pradesh,Achalda APMC,Rice,2024-03-29,12.0,2960.0
Uttar Pradesh,Achalda APMC,Wheat,2024-03-29,8.0,2460.0
Uttar Pradesh,Auraiya APMC,Onion,2024-03-29,8.5,1750.0
Uttar Pradesh,Auraiya APMC,Potato,2024-03-29,110.0,1400.0
Uttar Pradesh,Auraiya APMC,Rice,2024-03-29,18.0,2950.0
Uttar Pradesh,Auraiya APMC,Wheat,2024-03-29,25.0,2450.0
Uttar Pradesh,Bahraich APMC,Onion,2024-03-29,41.0,1955.0
Uttar Pradesh,Bahraich APMC,Potato,2024-03-29,78.5,1510.0
Uttar Pradesh,Bahraich APMC,Rice,2024-03-29,540.0,2830.0
Uttar Pradesh,Bahraich APMC,Wheat,2024-03-29,235.0,2400.0
Uttar Pradesh,Basti APMC,Onion,2024-03-29,32.5,1790.0
Uttar Pradesh,Basti APMC,Potato,2024-03-29,40.0,1450.0
Uttar Pradesh,Basti APMC,Rice,2024-03-29,70.0,2780.0
Uttar Pradesh,Basti APMC,Wheat,2024-03-29,80.0,2520.0
Uttar Pradesh,Bindki APMC,Onion,2024-03-29,1.5,1900.0
Uttar Pradesh,Bindki APMC,Potato,2024-03-29,20.0,1350.0
Uttar Pradesh,Bindki APMC,Rice,2024-03-29,435.0,5933.333333333333
Uttar Pradesh,Bindki APMC,Wheat,2024-03-29,280.0,2400.0
Uttar Pradesh,Chandoli APMC,Onion,2024-03-29,20.0,1750.0
Uttar Pradesh,Chandoli APMC,Potato,2024-03-29,26.0,1450.0
Uttar Pradesh,Chandoli APMC,Rice,2024-03-29,32.0,2790.0
Uttar Pradesh,Chandoli APMC,Wheat,2024-03-29,23.0,2425.0
Uttar Pradesh,Fatehpur APMC,Onion,2024-03-29,7.0,1700.0
Uttar Pradesh,Fatehpur APMC,Potato,2024-03-29,34.3,1315.0
Uttar Pradesh,Fatehpur APMC,Rice,2024-03-29,36.6,2900.0
Uttar Pradesh,Fatehpur APMC,Wheat,2024-03-29,111.0,2400.0
Uttar Pradesh,Gazipur APMC,Onion,2024-03-29,54.0,1780.0
Uttar Pradesh,Gazipur APMC,Potato,2024-03-29,61.0,1470.0
Uttar Pradesh,Gazipur APMC,Rice,2024-03-29,90.0,3570.0
Uttar Pradesh,Gazipur APMC,Wheat,2024-03-29,31.0,2420.0
Uttar Pradesh,Ghaziabad APMC,Onion,2024-03-29,100.0,1850.0
Uttar Pradesh,Ghaziabad APMC,Potato,2024-03-29,300.0,1300.0
Uttar Pradesh,Ghaziabad APMC,Rice,2024-03-29,280.0,3200.0
Uttar Pradesh,Ghaziabad APMC,Wheat,2024-03-29,715.0,2540.0
Uttar Pradesh,Kayamganj APMC,Onion,2024-03-29,11.0,1785.0
Uttar Pradesh,Kayamganj APMC,Potato,2024-03-29,350.0,1410.0
Uttar Pradesh,Kayamganj APMC,Rice,2024-03-29,45.0,2860.0
Uttar Pradesh,Kayamganj APMC,Wheat,2024-03-29,24.0,2460.0
Uttar Pradesh,Lakhimpur APMC,Onion,2024-03-29,80.0,1830.0
Uttar Pradesh,Lakhimpur APMC,Potato,2024-03-29,100.0,1320.0
Uttar Pradesh,Lakhimpur APMC,Rice,2024-03-29,100.0,2860.0
Uttar Pradesh,Lakhimpur APMC,Wheat,2024-03-29,250.0,2400.0
Uttar Pradesh,Lucknow APMC,Onion,2024-03-29,145.0,1900.0
Uttar Pradesh,Lucknow APMC,Potato,2024-03-29,450.0,1420.0
Uttar Pradesh,Lucknow APMC,Rice,2024-03-29,200.0,3030.0
Uttar Pradesh,Lucknow APMC,Wheat,2024-03-29,195.0,2520.0
Uttar Pradesh,Muradabad APMC,Onion,2024-03-29,120.0,1750.0
Uttar Pradesh,Muradabad APMC,Potato,2024-03-29,200.0,1340.0
Uttar Pradesh,Muradabad APMC,Rice,2024-03-29,90.0,2865.0
Uttar Pradesh,Muradabad APMC,Wheat,2024-03-29,80.0,2470.0
Uttar Pradesh,Muzzafarnagar APMC,Onion,2024-03-29,20.0,1800.0
Uttar Pradesh,Muzzafarnagar APMC,Potato,2024-03-29,70.0,1300.0
Uttar Pradesh,Muzzafarnagar APMC,Rice,2024-03-29,100.0,3175.0
Uttar Pradesh,Muzzafarnagar APMC,Wheat,2024-03-29,60.0,2470.0
Uttar Pradesh,Saharanpur APMC,Onion,2024-03-29,150.0,1800.0
Uttar Pradesh,Saharanpur APMC,Potato,2024-03-29,260.0,1300.0
Uttar Pradesh,Saharanpur APMC,Rice,2024-03-29,52.0,3180.0
Uttar Pradesh,Saharanpur APMC,Wheat,2024-03-29,300.0,2480.0
Uttar Pradesh,Unnao APMC,Onion,2024-03-29,6.0,1880.0
Uttar Pradesh,Unnao APMC,Potato,2024-03-29,39.7,1325.0
Uttar Pradesh,Unnao APMC,Rice,2024-03-29,17.7,2825.0
Uttar Pradesh,Unnao APMC,Wheat,2024-03-29,24.0,2425.0
Uttar Pradesh,Achalda APMC,Onion,2024-03-30,1.0,1750.0
Uttar Pradesh,Achalda APMC,Potato,2024-03-30,10.0,1390.0
Uttar Pradesh,Achalda APMC,Rice,2024-03-30,10.0,2960.0
Uttar Pradesh,Achalda APMC,Wheat,2024-03-30,12.0,2450.0
Uttar Pradesh,Auraiya APMC,Onion,2024-03-30,7.0,1750.0
Uttar Pradesh,Auraiya APMC,Potato,2024-03-30,85.0,1390.0
Uttar Pradesh,Auraiya APMC,Rice,2024-03-30,16.0,2980.0
Uttar Pradesh,Auraiya APMC,Wheat,2024-03-30,35.0,2400.0
Uttar Pradesh,Bahraich APMC,Onion,2024-03-30,38.0,1950.0
Uttar Pradesh,Bahraich APMC,Potato,2024-03-30,80.0,1520.0
Uttar Pradesh,Bahraich APMC,Rice,2024-03-30,600.0,2835.0
Uttar Pradesh,Bahraich APMC,Wheat,2024-03-30,220.0,2410.0
Uttar Pradesh,Basti APMC,Onion,2024-03-30,41.5,1780.0
Uttar Pradesh,Basti APMC,Potato,2024-03-30,50.0,1460.0
Uttar Pradesh,Basti APMC,Rice,2024-03-30,84.0,2790.0
Uttar Pradesh,Basti APMC,Wheat,2024-03-30,91.5,2510.0
Uttar Pradesh,Chandoli APMC,Onion,2024-03-30,21.0,1750.0
Uttar Pradesh,Chandoli APMC,Potato,2024-03-30,25.0,1450.0
Uttar Pradesh,Chandoli APMC,Rice,2024-03-30,30.0,2800.0
Uttar Pradesh,Chandoli APMC,Wheat,2024-03-30,22.0,2430.0
Uttar Pradesh,Fatehpur APMC,Onion,2024-03-30,1.5,1910.0
Uttar Pradesh,Fatehpur APMC,Potato,2024-03-30,70.4,1310.0
Uttar Pradesh,Fatehpur APMC,Rice,2024-03-30,31.5,2920.0
Uttar Pradesh,Fatehpur APMC,Wheat,2024-03-30,83.7,2400.0
Uttar Pradesh,Gazipur APMC,Onion,2024-03-30,45.0,1750.0
Uttar Pradesh,Gazipur APMC,Potato,2024-03-30,65.0,1450.0
Uttar Pradesh,Gazipur APMC,Rice,2024-03-30,90.0,3575.0
Uttar Pradesh,Gazipur APMC,Wheat,2024-03-30,34.0,2420.0
Uttar Pradesh,Ghaziabad APMC,Onion,2024-03-30,90.0,1860.0
Uttar Pradesh,Ghaziabad APMC,Potato,2024-03-30,290.0,1400.0
Uttar Pradesh,Ghaziabad APMC,Rice,2024-03-30,290.0,3200.0
Uttar Pradesh,Ghaziabad APMC,Wheat,2024-03-30,770.0,2540.0
Uttar Pradesh,Kayamganj APMC,Onion,2024-03-30,12.0,1750.0
Uttar Pradesh,Kayamganj APMC,Potato,2024-03-30,450.0,1400.0
Uttar Pradesh,Kayamganj APMC,Rice,2024-03-30,55.0,2850.0
Uttar Pradesh,Kayamganj APMC,Wheat,2024-03-30,35.0,2460.0
Uttar Pradesh,Lakhimpur APMC,Onion,2024-03-30,90.0,1870.0
Uttar Pradesh,Lakhimpur APMC,Potato,2024-03-30,150.0,1340.0
Uttar Pradesh,Lakhimpur APMC,Rice,2024-03-30,80.0,2865.0
Uttar Pradesh,Lakhimpur APMC,Wheat,2024-03-30,180.0,2390.0
Uttar Pradesh,Lucknow APMC,Onion,2024-03-30,120.0,1860.0
Uttar Pradesh,Lucknow APMC,Potato,2024-03-30,570.0,1430.0
Uttar Pradesh,Lucknow APMC,Rice,2024-03-30,210.0,3030.0
Uttar Pradesh,Lucknow APMC,Wheat,2024-03-30,180.0,2520.0
Uttar Pradesh,Muradabad APMC,Onion,2024-03-30,180.0,1700.0
Uttar Pradesh,Muradabad APMC,Potato,2024-03-30,180.0,1330.0
Uttar Pradesh,Muradabad APMC,Rice,2024-03-30,75.0,2870.0
Uttar Pradesh,Muradabad APMC,Wheat,2024-03-30,80.0,2480.0
Uttar Pradesh,Muzzafarnagar APMC,Onion,2024-03-30,20.0,1840.0
Uttar Pradesh,Muzzafarnagar APMC,Potato,2024-03-30,70.0,1400.0
Uttar Pradesh,Muzzafarnagar APMC,Rice,2024-03-30,100.0,3175.0
Uttar Pradesh,Muzzafarnagar APMC,Wheat,2024-03-30,50.0,2470.0
Uttar Pradesh,Saharanpur APMC,Onion,2024-03-30,100.0,1850.0
Uttar Pradesh,Saharanpur APMC,Potato,2024-03-30,220.0,1400.0
Uttar Pradesh,Saharanpur APMC,Rice,2024-03-30,55.0,3170.0
Uttar Pradesh,Saharanpur APMC,Wheat,2024-03-30,280.0,2480.0
Uttar Pradesh,Unnao APMC,Onion,2024-03-30,7.2,1825.0
Uttar Pradesh,Unnao APMC,Potato,2024-03-30,41.1,1300.0
Uttar Pradesh,Unnao APMC,Rice,2024-03-30,16.5,2830.0
Uttar Pradesh,Unnao APMC,Wheat,2024-03-30,23.5,2425.0
Uttar Pradesh,Bindki APMC,Onion,2024-03-31,1.8,1920.0
Uttar Pradesh,Bindki APMC,Potato,2024-03-31,18.0,1340.0
Uttar Pradesh,Bindki APMC,Rice,2024-03-31,1130.0,4445.0
Uttar Pradesh,Bindki APMC,Wheat,2024-03-31,110.0,2450.0
Uttar Pradesh,Chandoli APMC,Rice,2024-03-31,28.0,2800.0
Uttar Pradesh,Chandoli APMC,Wheat,2024-03-31,20.0,2450.0
Uttar Pradesh,Fatehpur APMC,Onion,2024-03-31,1.8,1915.0
Uttar Pradesh,Fatehpur APMC,Potato,2024-03-31,36.0,1320.0
Uttar Pradesh,Fatehpur APMC,Rice,2024-03-31,27.7,2930.0
Uttar Pradesh,Fatehpur APMC,Wheat,2024-03-31,71.0,2410.0
Uttar Pradesh,Ghaziabad APMC,Onion,2024-03-31,80.0,1850.0
Uttar Pradesh,Ghaziabad APMC,Potato,2024-03-31,290.0,1400.0
Uttar Pradesh,Ghaziabad APMC,Rice,2024-03-31,200.0,3200.0
Uttar Pradesh,Ghaziabad APMC,Wheat,2024-03-31,410.0,2540.0
Uttar Pradesh,Lakhimpur APMC,Onion,2024-03-31,50.0,1890.0
Uttar Pradesh,Lakhimpur APMC,Potato,2024-03-31,130.0,1300.0
Uttar Pradesh,Lucknow APMC,Onion,2024-03-31,100.0,1800.0
Uttar Pradesh,Lucknow APMC,Potato,2024-03-31,500.0,1400.0
Uttar Pradesh,Unnao APMC,Onion,2024-03-31,7.2,1800.0
Uttar Pradesh,Unnao APMC,Potato,2024-03-31,29.5,1310.0
Uttar Pradesh,Unnao APMC,Rice,2024-03-31,16.0,2835.0
Uttar Pradesh,Unnao APMC,Wheat,2024-03-31,22.5,2425.0
