state,market,commodity,n,mae,rmse,wape,smape,r2,coverage
Uttar Pradesh,Achalda APMC,Onion,75,0.975107366158858,1.2922817883800184,0.30857828043001834,0.32546312945920036,0.19753064746668791,0.8933333333333333
Uttar Pradesh,Achalda APMC,Potato,75,16.282156185102387,26.9219444972436,0.28027581222921255,0.2848924906855762,0.6982322936523238,0.92
Uttar Pradesh,Achalda APMC,Rice,75,8.173749741675145,15.927242525295036,0.37471346615258916,0.30972408082324704,0.31776400162985907,0.8133333333333334
Uttar Pradesh,Achalda APMC,Wheat,73,14.451431798061147,24.090274829789017,0.4454103952959526,0.41100454898084304,0.3500696433043834,0.8904109589041096
Uttar Pradesh,Auraiya APMC,Onion,78,2.3105960142318955,3.4863384587452337,0.28395539484809806,0.2855063231475948,-0.2444575410687284,0.8461538461538461
Uttar Pradesh,Auraiya APMC,Potato,78,16.928740272040994,24.35848620030234,0.19940225630009026,0.20757816920562674,-0.08027362578881836,0.9358974358974359
Uttar Pradesh,Auraiya APMC,Rice,77,9.47760534181135,13.328410730300394,0.35590129788806335,0.33075624174385354,-0.2294760251613892,0.8831168831168831
Uttar Pradesh,Auraiya APMC,Wheat,77,9.157542053677856,12.054892586586833,0.31465003932761937,0.3228092225074254,-0.005436586133096943,0.922077922077922
Uttar Pradesh,Bahraich APMC,Onion,77,5.535423818629247,7.802741116035149,0.10521541200554234,0.1024404833063051,0.43757673588722346,1.0
Uttar Pradesh,Bahraich APMC,Potato,77,12.962785349214718,18.125183585604454,0.11722760841969973,0.11489114854282219,0.7432534841058425,1.0
Uttar Pradesh,Bahraich APMC,Rice,76,191.0338052051087,336.2724404453095,0.20726363900007225,0.18766349811570066,-0.03947915769478327,0.8947368421052632
Uttar Pradesh,Bahraich APMC,Wheat,77,59.98560811228251,98.6477241855827,0.25657659285889084,0.22532416824571036,0.17751622947741086,0.8701298701298701
Uttar Pradesh,Basti APMC,Onion,79,6.309562785526194,8.90942391770023,0.2119283418607863,0.2047652103530658,-0.028025087358055867,0.9620253164556962
Uttar Pradesh,Basti APMC,Potato,79,12.418951364080883,21.05391183621046,0.16678234726092475,0.16037253393363982,0.37103069142300893,0.9873417721518988
Uttar Pradesh,Basti APMC,Rice,69,16.06389545976511,23.259238615579505,0.1760776468187121,0.18042268094471176,0.5703534589970616,0.9855072463768116
Uttar Pradesh,Basti APMC,Wheat,69,17.337075560145603,24.77811574736108,0.21137171369379745,0.20948283089113526,0.3308573676176477,0.9855072463768116
Uttar Pradesh,Bindki APMC,Onion,82,0.4735010178259076,0.6675855606342557,0.17917435838359214,0.21241751907580944,0.17506825246591762,0.9512195121951219
Uttar Pradesh,Bindki APMC,Potato,82,6.926188591200848,9.110765248740591,0.24480494158554722,0.2621099540627371,0.08329724998630128,0.9146341463414634
Uttar Pradesh,Bindki APMC,Rice,70,173.13920496122046,295.0464625581603,0.602972355496344,0.5856557064307533,0.001747641366373065,0.6
Uttar Pradesh,Bindki APMC,Wheat,70,105.6725530286182,140.98259202173742,0.4057195432208904,0.479994763934274,0.22405063318356844,0.8142857142857143
Uttar Pradesh,Chandoli APMC,Onion,67,4.146678158673022,9.201526101958525,0.34257390460060727,0.2563804875583345,-0.044944423542219836,0.9104477611940298
Uttar Pradesh,Chandoli APMC,Potato,66,6.70867731570203,8.740565591202923,0.10796700873843794,0.11312446187915663,0.8554313037188532,1.0
Uttar Pradesh,Chandoli APMC,Rice,76,4.045270642522434,6.116759029704556,0.08592525680036472,0.08307639819165219,0.832640833765969,0.9868421052631579
Uttar Pradesh,Chandoli APMC,Wheat,76,2.0658432711058143,2.58584823700852,0.08518941324147689,0.0845392632272997,0.2819746464601268,1.0
Uttar Pradesh,Fatehpur APMC,Onion,87,6.720262634111255,12.995808368592972,0.910831670303286,0.6604376340986395,-0.22178140127586943,0.6896551724137931
Uttar Pradesh,Fatehpur APMC,Potato,87,19.52402900503095,30.511327088147468,0.5628758734922931,0.5557225831687219,-0.2782605958137967,0.5862068965517241
Uttar Pradesh,Fatehpur APMC,Rice,72,3.286339512718348,5.095066730646456,0.12318640405858032,0.15863961978882113,0.753222507667995,0.9861111111111112
Uttar Pradesh,Fatehpur APMC,Wheat,72,28.107488104041522,41.725191587824234,0.6270105166349578,0.5750506942072326,-0.13655490943268278,0.6527777777777778
Uttar Pradesh,Gazipur APMC,Onion,73,4.742019901813833,6.89191591598534,0.14895329295714707,0.14326752967462386,0.4133037579322786,0.958904109589041
Uttar Pradesh,Gazipur APMC,Potato,74,9.837402539940049,14.317676837759173,0.17030478136754323,0.1712743658002048,0.3477675781599312,0.9324324324324325
Uttar Pradesh,Gazipur APMC,Rice,74,12.881961212951648,16.838238968575844,0.14513780903751858,0.1478423755624106,-0.06905890575905649,1.0
Uttar Pradesh,Gazipur APMC,Wheat,73,2.69820248013939,3.5001779785845124,0.10578344846948198,0.10459880290265246,0.39602024798725677,1.0
Uttar Pradesh,Ghaziabad APMC,Onion,85,18.011313140702736,22.891185929883793,0.18000724479244357,0.17831587031161394,-0.13552268720877714,0.9882352941176471
Uttar Pradesh,Ghaziabad APMC,Potato,84,44.67155893653194,54.82251043565107,0.14943890683666597,0.15341233250689973,0.07115774339418557,1.0
Uttar Pradesh,Ghaziabad APMC,Rice,75,82.78570385884272,102.27946366222157,0.2687847527884504,0.27482658116848085,-0.054828786673000396,0.8266666666666667
Uttar Pradesh,Ghaziabad APMC,Wheat,75,414.73437927396236,1130.2321336752325,0.3282165078141519,0.26878083194579155,-0.16778623964718387,0.92
Uttar Pradesh,Kayamganj APMC,Onion,76,1.1962938862583121,1.568339722540855,0.16666972567485192,0.16725512142945861,0.5433357772766627,1.0
Uttar Pradesh,Kayamganj APMC,Potato,76,89.0648433312994,123.66749342692998,0.20459205359464272,0.20910980211717167,0.3230994334515638,0.9342105263157895
Uttar Pradesh,Kayamganj APMC,Rice,76,12.796011134722926,20.222011747692427,0.31164776357601104,0.31748565543961743,0.39931827880238946,0.7763157894736842
Uttar Pradesh,Kayamganj APMC,Wheat,76,3.935156612655926,5.74983076560584,0.2548546251059654,0.24948690281808295,0.624563576203609,0.7763157894736842
Uttar Pradesh,Lakhimpur APMC,Onion,87,14.950671388455726,17.249842855109804,0.17435769581711102,0.17598794535477552,-0.10035642337461592,1.0
Uttar Pradesh,Lakhimpur APMC,Potato,87,27.3734070000786,33.6914648134648,0.146417854842105,0.1471294181823704,0.179897203619091,1.0
Uttar Pradesh,Lakhimpur APMC,Rice,74,18.977734679942397,22.616955577365008,0.18901108564141822,0.1888473076353089,0.4302497564423893,0.9864864864864865
Uttar Pradesh,Lakhimpur APMC,Wheat,74,23.51346207419138,37.023845931927504,0.2509730554579781,0.24150881534370675,0.6172085221320732,0.9324324324324325
Uttar Pradesh,Lucknow APMC,Onion,83,39.339050495411485,54.078639147828525,0.18619646390962324,0.20343027648313974,0.4954307720559036,0.963855421686747
Uttar Pradesh,Lucknow APMC,Potato,83,59.35617748773709,102.22013171144944,0.11571492029318094,0.1329367942061926,0.02882246695444113,0.9518072289156626
Uttar Pradesh,Lucknow APMC,Rice,74,31.379787095456187,42.30662049195538,0.09793775812162622,0.10002576709697365,0.6878324138483864,1.0
Uttar Pradesh,Lucknow APMC,Wheat,74,36.54995572924188,48.187902511507424,0.12680247182202997,0.12733545762472073,0.3953179729722244,1.0
Uttar Pradesh,Muradabad APMC,Onion,84,17.036851870040305,22.1145811800501,0.17378209557782462,0.18024758813011652,0.3683687858151089,0.9761904761904762
Uttar Pradesh,Muradabad APMC,Potato,84,20.14941175408291,28.51476402672218,0.1274510984445003,0.13091419082696415,0.5159318670707456,0.9880952380952381
Uttar Pradesh,Muradabad APMC,Rice,70,10.939786416660553,13.741610003554058,0.16077788141218533,0.1935230088362906,0.697930299553982,0.9285714285714286
Uttar Pradesh,Muradabad APMC,Wheat,69,7.143849579540827,9.052074204741277,0.1116479322736845,0.1459028634644124,0.9088659618635859,0.9420289855072463
Uttar Pradesh,Muzzafarnagar APMC,Onion,87,15.550998274166204,33.019233021479245,0.45354906129817624,0.35622717513505714,-0.04945190735170457,0.8160919540229885
Uttar Pradesh,Muzzafarnagar APMC,Potato,87,14.241422916578635,21.263406545915583,0.17740604148658953,0.17748631915055363,0.0016207227360817145,0.9310344827586207
Uttar Pradesh,Muzzafarnagar APMC,Rice,76,101.91542720008088,140.505049907745,0.4080912785672364,0.4132369075299707,-0.1810241370311958,0.7631578947368421
Uttar Pradesh,Muzzafarnagar APMC,Wheat,77,65.58581876763422,96.25794656037134,0.37010685563267387,0.424045131339107,0.4179356754284933,0.8311688311688312
Uttar Pradesh,Saharanpur APMC,Onion,83,11.901158990627104,16.88429691001506,0.08245377263957009,0.08213278370010481,0.42642104307797424,1.0
Uttar Pradesh,Saharanpur APMC,Potato,83,18.667318733254355,24.515195339095428,0.09284997032780676,0.0924279953943959,0.7082477958891817,0.9879518072289156
Uttar Pradesh,Saharanpur APMC,Rice,77,8.576297411061994,11.605764855797906,0.1443126968207547,0.1392641622200101,0.20990829834503122,0.948051948051948
Uttar Pradesh,Saharanpur APMC,Wheat,77,25.519895533315978,31.54242683739026,0.1203989924676999,0.12257002253413811,0.5660933754688189,1.0
Uttar Pradesh,Unnao APMC,Onion,85,1.7443799810921916,2.595150165988912,0.22326802950284033,0.2055288380547193,0.11711580518664322,0.9411764705882353
Uttar Pradesh,Unnao APMC,Potato,87,5.489862170986091,7.977759403238747,0.1379242856784169,0.1272621785175723,0.6230924656228929,0.9540229885057471
Uttar Pradesh,Unnao APMC,Rice,82,1.9653422313769895,2.887322564835762,0.08708422294008059,0.09836533678612393,0.813987264261287,0.9878048780487805
Uttar Pradesh,Unnao APMC,Wheat,86,3.5071871549767453,4.796240155204811,0.11614991348120769,0.12628408948483974,0.34107225190103463,1.0
