state,market,commodity,observed_days,first_date,last_date,zero_arrivals,median_arrivals,median_price,calendar_span_days,reporting_fraction_within_span
Uttar Pradesh,Achalda APMC,Onion,912,2021-01-01,2023-12-30,0,3.0,1600.0,1094,0.8336380255941499
Uttar Pradesh,Achalda APMC,Potato,910,2021-01-01,2023-12-30,0,12.0,950.0,1094,0.8318098720292505
Uttar Pradesh,Achalda APMC,Rice,906,2021-01-01,2023-12-30,0,9.0,2400.0,1094,0.8281535648994516
Uttar Pradesh,Achalda APMC,Wheat,905,2021-01-01,2023-12-30,0,17.0,2100.0,1094,0.8272394881170019
Uttar Pradesh,Auraiya APMC,Onion,919,2021-01-01,2023-12-30,0,7.5,1580.0,1094,0.840036563071298
Uttar Pradesh,Auraiya APMC,Potato,918,2021-01-01,2023-12-30,0,50.0,950.0,1094,0.8391224862888482
Uttar Pradesh,Auraiya APMC,Rice,914,2021-01-01,2023-12-30,0,30.0,2390.0,1094,0.8354661791590493
Uttar Pradesh,Auraiya APMC,Wheat,908,2021-01-01,2023-12-30,0,140.0,2100.0,1094,0.829981718464351
Uttar Pradesh,Bahraich APMC,Onion,916,2021-01-01,2023-12-30,0,47.3,1650.0,1094,0.8372943327239488
Uttar Pradesh,Bahraich APMC,Potato,912,2021-01-01,2023-12-30,0,85.0,1100.0,1094,0.8336380255941499
Uttar Pradesh,Bahraich APMC,Rice,905,2021-01-01,2023-12-30,0,375.0,2490.0,1094,0.8272394881170019
Uttar Pradesh,Bahraich APMC,Wheat,902,2021-01-01,2023-12-30,0,219.0,2050.0,1094,0.8244972577696527
Uttar Pradesh,Basti APMC,Onion,1002,2021-01-01,2023-12-30,0,40.0,1660.0,1094,0.9159049360146252
Uttar Pradesh,Basti APMC,Potato,1002,2021-01-01,2023-12-30,0,145.0,1055.0,1094,0.9159049360146252
Uttar Pradesh,Basti APMC,Rice,890,2021-01-01,2023-12-31,0,108.75,2550.0,1095,0.8127853881278538
Uttar Pradesh,Basti APMC,Wheat,890,2021-01-01,2023-12-31,0,170.0,2017.5,1095,0.8127853881278538
Uttar Pradesh,Bindki APMC,Onion,913,2021-01-03,2023-12-31,0,9.0,1575.0,1093,0.8353156450137237
Uttar Pradesh,Bindki APMC,Potato,915,2021-01-03,2023-12-31,0,32.0,945.0,1093,0.8371454711802379
Uttar Pradesh,Bindki APMC,Rice,877,2021-01-03,2023-12-29,0,297.0,2390.0,1091,0.8038496791934006
Uttar Pradesh,Bindki APMC,Wheat,882,2021-01-03,2023-12-29,0,300.0,2097.5,1091,0.8084326306141155
Uttar Pradesh,Chandoli APMC,Onion,990,2021-01-02,2023-12-27,0,26.0,1712.5,1090,0.908256880733945
Uttar Pradesh,Chandoli APMC,Potato,989,2021-01-02,2023-12-27,0,66.0,1050.0,1090,0.9073394495412844
Uttar Pradesh,Chandoli APMC,Rice,906,2021-01-01,2023-12-31,0,35.0,2600.0,1095,0.8273972602739726
Uttar Pradesh,Chandoli APMC,Wheat,902,2021-01-01,2023-12-31,0,42.5,2030.0,1095,0.8237442922374429
Uttar Pradesh,Fatehpur APMC,Onion,954,2021-01-01,2023-12-31,0,16.5,1537.5,1095,0.8712328767123287
Uttar Pradesh,Fatehpur APMC,Potato,955,2021-01-01,2023-12-31,0,39.3,930.0000000000001,1095,0.8721461187214612
Uttar Pradesh,Fatehpur APMC,Rice,908,2021-01-01,2023-12-31,0,19.5,2390.0,1095,0.8292237442922374
Uttar Pradesh,Fatehpur APMC,Wheat,906,2021-01-01,2023-12-31,0,48.0,2040.0,1095,0.8273972602739726
Uttar Pradesh,Gazipur APMC,Onion,886,2021-01-01,2023-12-30,0,30.0,1640.0,1094,0.8098720292504571
Uttar Pradesh,Gazipur APMC,Potato,889,2021-01-01,2023-12-30,0,56.0,1050.0,1094,0.8126142595978062
Uttar Pradesh,Gazipur APMC,Rice,891,2021-01-01,2023-12-30,0,78.0,3005.0,1094,0.8144424131627057
Uttar Pradesh,Gazipur APMC,Wheat,886,2021-01-01,2023-12-30,0,37.5,2035.0,1094,0.8098720292504571
Uttar Pradesh,Ghaziabad APMC,Onion,1008,2021-01-01,2023-12-31,0,120.0,1800.0,1095,0.9205479452054794
Uttar Pradesh,Ghaziabad APMC,Potato,1007,2021-01-01,2023-12-31,0,210.0,1100.0,1095,0.919634703196347
Uttar Pradesh,Ghaziabad APMC,Rice,906,2021-01-01,2023-12-31,0,80.0,3000.0,1095,0.8273972602739726
Uttar Pradesh,Ghaziabad APMC,Wheat,910,2021-01-01,2023-12-31,0,580.0,2150.0,1095,0.8310502283105022
Uttar Pradesh,Kayamganj APMC,Onion,874,2021-01-01,2023-12-30,0,10.0,1600.0,1094,0.7989031078610603
Uttar Pradesh,Kayamganj APMC,Potato,882,2021-01-01,2023-12-30,0,250.0,875.0,1094,0.8062157221206582
Uttar Pradesh,Kayamganj APMC,Rice,873,2021-01-01,2023-12-30,0,25.0,2390.0,1094,0.7979890310786106
Uttar Pradesh,Kayamganj APMC,Wheat,875,2021-01-01,2023-12-30,0,40.0,2050.0,1094,0.79981718464351
Uttar Pradesh,Lakhimpur APMC,Onion,1045,2021-01-01,2023-12-31,0,95.0,1620.0,1095,0.954337899543379
Uttar Pradesh,Lakhimpur APMC,Potato,1044,2021-01-01,2023-12-31,0,345.0,1070.0,1095,0.9534246575342465
Uttar Pradesh,Lakhimpur APMC,Rice,895,2021-01-01,2023-12-30,0,115.0,2360.0,1094,0.8180987202925045
Uttar Pradesh,Lakhimpur APMC,Wheat,889,2021-01-01,2023-12-30,0,700.0,2035.0,1094,0.8126142595978062
Uttar Pradesh,Lucknow APMC,Onion,995,2021-01-01,2023-12-30,0,250.0,1650.0,1094,0.9095063985374772
Uttar Pradesh,Lucknow APMC,Potato,1002,2021-01-01,2023-12-30,0,320.0,1080.0,1094,0.9159049360146252
Uttar Pradesh,Lucknow APMC,Rice,893,2021-01-01,2023-12-30,0,110.0,2450.0,1094,0.8162705667276051
Uttar Pradesh,Lucknow APMC,Wheat,902,2021-01-01,2023-12-30,0,70.0,2050.0,1094,0.8244972577696527
Uttar Pradesh,Muradabad APMC,Onion,997,2021-01-01,2023-12-31,0,70.0,1530.0,1095,0.9105022831050228
Uttar Pradesh,Muradabad APMC,Potato,998,2021-01-01,2023-12-31,0,160.0,990.0,1095,0.9114155251141552
Uttar Pradesh,Muradabad APMC,Rice,893,2021-01-01,2023-12-31,0,30.0,2505.0,1095,0.8155251141552512
Uttar Pradesh,Muradabad APMC,Wheat,897,2021-01-01,2023-12-31,0,35.0,2070.0,1095,0.8191780821917808
Uttar Pradesh,Muzzafarnagar APMC,Onion,1043,2021-01-01,2023-12-30,0,20.0,1750.0,1094,0.953382084095064
Uttar Pradesh,Muzzafarnagar APMC,Potato,1036,2021-01-01,2023-12-30,0,60.0,1100.0,1094,0.946983546617916
Uttar Pradesh,Muzzafarnagar APMC,Rice,904,2021-01-01,2023-12-30,0,120.0,2960.0,1094,0.8263254113345521
Uttar Pradesh,Muzzafarnagar APMC,Wheat,909,2021-01-01,2023-12-30,0,127.6,2140.0,1094,0.8308957952468007
Uttar Pradesh,Saharanpur APMC,Onion,992,2021-01-01,2023-12-30,0,117.0,1740.0,1094,0.906764168190128
Uttar Pradesh,Saharanpur APMC,Potato,991,2021-01-01,2023-12-30,0,245.0,1080.0,1094,0.9058500914076782
Uttar Pradesh,Saharanpur APMC,Rice,907,2021-01-01,2023-12-30,0,36.0,2955.0,1094,0.8290676416819013
Uttar Pradesh,Saharanpur APMC,Wheat,911,2021-01-01,2023-12-30,0,266.0,2130.0,1094,0.8327239488117002
Uttar Pradesh,Unnao APMC,Onion,929,2021-01-01,2023-12-31,0,11.5,1575.0,1095,0.8484018264840183
Uttar Pradesh,Unnao APMC,Potato,941,2021-01-01,2023-12-31,0,32.9,1025.0,1095,0.8593607305936073
Uttar Pradesh,Unnao APMC,Rice,967,2021-01-01,2023-12-31,0,5.0,2400.0,1095,0.8831050228310502
Uttar Pradesh,Unnao APMC,Wheat,973,2021-01-01,2023-12-31,0,45.0,2070.0,1095,0.8885844748858448
