dataset,window,method,acceptance,n,mae,rmse,coverage,mean_width,infinite_intervals,coverage_ci_low,coverage_ci_high
AGMARKNET,overall,historical_mean,1.0,9955,116.14594034256967,319.0814921415082,,,,,
AGMARKNET,overall,rolling_mean,1.0,9955,38.9210075835212,217.09760221940897,,,,,
AGMARKNET,overall,point_forecast,1.0,9955,30.88658255042179,222.83339298016224,,,,,
AGMARKNET,overall,split_conformal,1.0,9955,30.88658255042179,222.83339298016224,0.909794073329985,125.58679433025219,0.0,0.9025128292943052,0.9170389195248139
AGMARKNET,overall,adaptive_conformal,1.0,9955,30.88658255042179,222.83339298016224,0.8960321446509292,113.8058307330569,0.0,0.8890536647665269,0.9033329794702404
AGMARKNET,overall,predictive_gate,1.0,9955,30.88658255042179,222.83339298016224,0.8960321446509292,113.8058307330569,0.0,0.8890536647665269,0.9033329794702404
AGMARKNET,overall,gate_without_shift,1.0,9955,30.88658255042179,222.83339298016224,0.8960321446509292,113.8058307330569,0.0,0.8890536647665269,0.9033329794702404
AGMARKNET,overall,gate_without_width,1.0,9955,30.88658255042179,222.83339298016224,0.8960321446509292,113.8058307330569,0.0,0.8890536647665269,0.9033329794702404
AGMARKNET,onion_export_prohibition_2023,historical_mean,1.0,326,26.320103522168164,40.8478328889405,,,,,
AGMARKNET,onion_export_prohibition_2023,rolling_mean,1.0,326,12.159184717261539,21.2769824359374,,,,,
AGMARKNET,onion_export_prohibition_2023,point_forecast,1.0,326,8.226592175032124,14.756223351152261,,,,,
AGMARKNET,onion_export_prohibition_2023,split_conformal,1.0,326,8.226592175032124,14.756223351152261,0.8404907975460123,39.99411909614788,0.0,0.8090056996570546,0.8719893292682926
AGMARKNET,onion_export_prohibition_2023,adaptive_conformal,1.0,326,8.226592175032124,14.756223351152261,0.8895705521472392,48.37588852430828,0.0,0.8609062258811423,0.9214463810790273
AGMARKNET,onion_export_prohibition_2023,predictive_gate,1.0,326,8.226592175032124,14.756223351152261,0.8895705521472392,48.37588852430828,0.0,0.8609062258811423,0.9214463810790273
AGMARKNET,onion_export_prohibition_2023,gate_without_shift,1.0,326,8.226592175032124,14.756223351152261,0.8895705521472392,48.37588852430828,0.0,0.8609062258811423,0.9214463810790273
AGMARKNET,onion_export_prohibition_2023,gate_without_width,1.0,326,8.226592175032124,14.756223351152261,0.8895705521472392,48.37588852430828,0.0,0.8609062258811423,0.9214463810790273
AGMARKNET,onion_minimum_export_price_2023,historical_mean,1.0,413,22.18459801121567,35.59297368166558,,,,,
AGMARKNET,onion_minimum_export_price_2023,rolling_mean,1.0,413,16.74035726571908,30.84178753834255,,,,,
AGMARKNET,onion_minimum_export_price_2023,point_forecast,1.0,413,9.571141657868194,16.930120176769034,,,,,
AGMARKNET,onion_minimum_export_price_2023,split_conformal,1.0,413,9.571141657868194,16.930120176769034,0.8256658595641646,40.55266887286395,0.0,0.7902790432428535,0.8599174430879383
AGMARKNET,onion_minimum_export_price_2023,adaptive_conformal,1.0,413,9.571141657868194,16.930120176769034,0.9055690072639225,48.447491639973954,0.0,0.8788598574821853,0.9256798756798756
AGMARKNET,onion_minimum_export_price_2023,predictive_gate,1.0,413,9.571141657868194,16.930120176769034,0.9055690072639225,48.447491639973954,0.0,0.8788598574821853,0.9256798756798756
AGMARKNET,onion_minimum_export_price_2023,gate_without_shift,1.0,413,9.571141657868194,16.930120176769034,0.9055690072639225,48.447491639973954,0.0,0.8788598574821853,0.9256798756798756
AGMARKNET,onion_minimum_export_price_2023,gate_without_width,1.0,413,9.571141657868194,16.930120176769034,0.9055690072639225,48.447491639973954,0.0,0.8788598574821853,0.9256798756798756
AGMARKNET,outside_labelled_window,historical_mean,1.0,8816,124.89555280348324,337.2589269388809,,,,,
AGMARKNET,outside_labelled_window,rolling_mean,1.0,8816,41.775822404958426,230.40172531162506,,,,,
AGMARKNET,outside_labelled_window,point_forecast,1.0,8816,33.19645178316164,236.59001559092223,,,,,
AGMARKNET,outside_labelled_window,split_conformal,1.0,8816,33.19645178316164,236.59001559092223,0.9143602540834845,133.14400891835376,0.0,0.9071081144204727,0.9215011163553395
AGMARKNET,outside_labelled_window,adaptive_conformal,1.0,8816,33.19645178316164,236.59001559092223,0.8957577132486388,120.59797183606273,0.0,0.8884896133105523,0.9028577348421564
AGMARKNET,outside_labelled_window,predictive_gate,1.0,8816,33.19645178316164,236.59001559092223,0.8957577132486388,120.59797183606273,0.0,0.8884896133105523,0.9028577348421564
AGMARKNET,outside_labelled_window,gate_without_shift,1.0,8816,33.19645178316164,236.59001559092223,0.8957577132486388,120.59797183606273,0.0,0.8884896133105523,0.9028577348421564
AGMARKNET,outside_labelled_window,gate_without_width,1.0,8816,33.19645178316164,236.59001559092223,0.8957577132486388,120.59797183606273,0.0,0.8884896133105523,0.9028577348421564
AGMARKNET,rice_export_restriction_2023,historical_mean,1.0,400,93.52762466978534,155.86699176900484,,,,,
AGMARKNET,rice_export_restriction_2023,rolling_mean,1.0,400,20.713296008177302,40.477715359536,,,,,
AGMARKNET,rice_export_restriction_2023,point_forecast,1.0,400,20.453149538339513,40.28756800904866,,,,,
AGMARKNET,rice_export_restriction_2023,split_conformal,1.0,400,20.453149538339513,40.28756800904866,0.9525,116.58154965904183,0.0,0.931161153036153,0.9710307154487677
AGMARKNET,rice_export_restriction_2023,adaptive_conformal,1.0,400,20.453149538339513,40.28756800904866,0.8975,84.91492883654661,0.0,0.8718149870834326,0.9203466363833009
AGMARKNET,rice_export_restriction_2023,predictive_gate,1.0,400,20.453149538339513,40.28756800904866,0.8975,84.91492883654661,0.0,0.8718149870834326,0.9203466363833009
AGMARKNET,rice_export_restriction_2023,gate_without_shift,1.0,400,20.453149538339513,40.28756800904866,0.8975,84.91492883654661,0.0,0.8718149870834326,0.9203466363833009
AGMARKNET,rice_export_restriction_2023,gate_without_width,1.0,400,20.453149538339513,40.28756800904866,0.8975,84.91492883654661,0.0,0.8718149870834326,0.9203466363833009
