dataset,window,method,acceptance,n,mae,rmse,coverage,mean_width,infinite_intervals,coverage_ci_low,coverage_ci_high,mean_dr_delay_loss,loss_ci_low,loss_ci_high,estimated_gain_vs_carting,gain_ci_low,gain_ci_high,ftl_recommendation_fraction,status,automated_fraction,escalated_fraction
AGMARKNET,overall,historical_mean,1.0,5641,31.312928745780454,90.43732883519633,,,,,,,,,,,,,,,
AGMARKNET,overall,rolling_mean,1.0,5641,13.424994071554519,69.5909915178238,,,,,,,,,,,,,,,
AGMARKNET,overall,point_forecast,1.0,5641,13.329023525643079,77.04828818438205,,,,,,,,,,,,,,,
AGMARKNET,overall,split_conformal,1.0,5641,13.329023525643079,77.04828818438205,0.9239496543166106,56.45431935144578,0.0,0.9172614607351146,0.9314741785822939,,,,,,,,,,
AGMARKNET,overall,adaptive_conformal,1.0,5641,13.329023525643079,77.04828818438205,0.9009040950186137,51.20307779921989,0.0,0.8923822462627912,0.9092638802670413,,,,,,,,,,
AGMARKNET,overall,predictive_gate,1.0,5641,13.329023525643079,77.04828818438205,0.9009040950186137,51.20307779921989,0.0,0.8923822462627912,0.9092638802670413,,,,,,,,,,
AGMARKNET,overall,gate_without_shift,1.0,5641,13.329023525643079,77.04828818438205,0.9009040950186137,51.20307779921989,0.0,0.8923822462627912,0.9092638802670413,,,,,,,,,,
AGMARKNET,overall,gate_without_width,1.0,5641,13.329023525643079,77.04828818438205,0.9009040950186137,51.20307779921989,0.0,0.8923822462627912,0.9092638802670413,,,,,,,,,,
AGMARKNET,demonetisation_2016,historical_mean,1.0,1053,28.396895956169494,60.57023642135306,,,,,,,,,,,,,,,
AGMARKNET,demonetisation_2016,rolling_mean,1.0,1053,13.590412970312858,48.408587490381386,,,,,,,,,,,,,,,
AGMARKNET,demonetisation_2016,point_forecast,1.0,1053,11.982487037883867,44.96251965596629,,,,,,,,,,,,,,,
AGMARKNET,demonetisation_2016,split_conformal,1.0,1053,11.982487037883867,44.96251965596629,0.9135802469135802,52.74722230370012,0.0,0.8938746049955009,0.9328863628506234,,,,,,,,,,
AGMARKNET,demonetisation_2016,adaptive_conformal,1.0,1053,11.982487037883867,44.96251965596629,0.9097815764482431,50.14433814189057,0.0,0.8871242524428135,0.9295783000258371,,,,,,,,,,
AGMARKNET,demonetisation_2016,predictive_gate,1.0,1053,11.982487037883867,44.96251965596629,0.9097815764482431,50.14433814189057,0.0,0.8871242524428135,0.9295783000258371,,,,,,,,,,
AGMARKNET,demonetisation_2016,gate_without_shift,1.0,1053,11.982487037883867,44.96251965596629,0.9097815764482431,50.14433814189057,0.0,0.8871242524428135,0.9295783000258371,,,,,,,,,,
AGMARKNET,demonetisation_2016,gate_without_width,1.0,1053,11.982487037883867,44.96251965596629,0.9097815764482431,50.14433814189057,0.0,0.8871242524428135,0.9295783000258371,,,,,,,,,,
AGMARKNET,outside_labelled_window,historical_mean,1.0,4588,31.982192592219057,95.98981477601848,,,,,,,,,,,,,,,
AGMARKNET,outside_labelled_window,rolling_mean,1.0,4588,13.387028487336442,73.59737873173368,,,,,,,,,,,,,,,
AGMARKNET,outside_labelled_window,point_forecast,1.0,4588,13.638069498095225,82.67365848540857,,,,,,,,,,,,,,,
AGMARKNET,outside_labelled_window,split_conformal,1.0,4588,13.638069498095225,82.67365848540857,0.9263295553618134,57.30514175582159,0.0,0.9178120520739439,0.9343418005748955,,,,,,,,,,
AGMARKNET,outside_labelled_window,adaptive_conformal,1.0,4588,13.638069498095225,82.67365848540857,0.8988666085440279,51.44607101176735,0.0,0.8898691755274731,0.9068981437837825,,,,,,,,,,
AGMARKNET,outside_labelled_window,predictive_gate,1.0,4588,13.638069498095225,82.67365848540857,0.8988666085440279,51.44607101176735,0.0,0.8898691755274731,0.9068981437837825,,,,,,,,,,
AGMARKNET,outside_labelled_window,gate_without_shift,1.0,4588,13.638069498095225,82.67365848540857,0.8988666085440279,51.44607101176735,0.0,0.8898691755274731,0.9068981437837825,,,,,,,,,,
AGMARKNET,outside_labelled_window,gate_without_width,1.0,4588,13.638069498095225,82.67365848540857,0.8988666085440279,51.44607101176735,0.0,0.8898691755274731,0.9068981437837825,,,,,,,,,,
Delhivery,overlap_test_only,always_carting,,749,,,,,,,,2.687328975254571,2.551976525650538,2.7726989286620864,0.0,0.0,0.0,0.0,exploratory; observational assumptions unverified,,
Delhivery,overlap_test_only,always_ftl,,749,,,,,,,,2.8596282732147547,2.5976686693273647,3.1652147073929324,-0.1722992979601836,-0.6132381817423943,0.17108157553686046,1.0,exploratory; observational assumptions unverified,,
Delhivery,overlap_test_only,point_effect_policy,,749,,,,,,,,2.3944217983571288,2.2977922953528163,2.4848080792674208,0.29290717689744245,0.06716844638311735,0.4836606312923247,0.5740987983978638,exploratory; observational assumptions unverified,,
Delhivery,overlap_test_only,conservative_lower_bound_policy,,749,,,,,,,,2.615837213105391,2.590151814531226,2.6422883010679468,0.07149176214917943,-0.05106874489391846,0.1696999416480075,0.15086782376502003,exploratory; observational assumptions unverified,,
Delhivery,test,reliability_gate,,2296,,,,,,,,,,,,,,,All actions withheld: identification precondition not met. No counterfactual gate value claimed.,0.0,1.0
