period,model,comparison,metric,difference,ci_low,ci_high,date_blocks,repeats,limitation
inspected_2024Q1,ablation_without_price,adaptive-minus-pooled_fixed,coverage,0.025377643504531724,0.020220663811337386,0.030842806111161716,91,300,Whole dates preserve within-date market dependence; independent date-block resampling does not preserve serial dependence across dates; descriptive uncertainty only
inspected_2024Q1,ablation_without_price,adaptive-minus-pooled_fixed,width,48.856572752866946,45.767384931588985,52.2459305984034,91,300,Whole dates preserve within-date market dependence; independent date-block resampling does not preserve serial dependence across dates; descriptive uncertainty only
inspected_2024Q1,ablation_without_price,adaptive-minus-pooled_fixed,interval_score,-15.477091889975847,-31.256020669007537,2.4478358926233823,91,300,Whole dates preserve within-date market dependence; independent date-block resampling does not preserve serial dependence across dates; descriptive uncertainty only
inspected_2024Q1,ablation_without_price,adaptive-minus-commodity_fixed,coverage,0.025176233635448138,0.020202961351450957,0.03075618479032653,91,300,Whole dates preserve within-date market dependence; independent date-block resampling does not preserve serial dependence across dates; descriptive uncertainty only
inspected_2024Q1,ablation_without_price,adaptive-minus-commodity_fixed,width,49.34237220594847,46.16707355870988,53.06179512876541,91,300,Whole dates preserve within-date market dependence; independent date-block resampling does not preserve serial dependence across dates; descriptive uncertainty only
inspected_2024Q1,ablation_without_price,adaptive-minus-commodity_fixed,interval_score,-17.42203795466882,-34.408111542005145,-0.5560421191389519,91,300,Whole dates preserve within-date market dependence; independent date-block resampling does not preserve serial dependence across dates; descriptive uncertainty only
inspected_2024Q1,ablation_without_seasonality,adaptive-minus-pooled_fixed,coverage,0.024773413897280966,0.019666178970838076,0.029742393841870367,91,300,Whole dates preserve within-date market dependence; independent date-block resampling does not preserve serial dependence across dates; descriptive uncertainty only
inspected_2024Q1,ablation_without_seasonality,adaptive-minus-pooled_fixed,width,46.63596878627265,42.936062881291214,50.1731129054077,91,300,Whole dates preserve within-date market dependence; independent date-block resampling does not preserve serial dependence across dates; descriptive uncertainty only
inspected_2024Q1,ablation_without_seasonality,adaptive-minus-pooled_fixed,interval_score,-15.646370812605438,-33.11570869033079,-0.15257858600328317,91,300,Whole dates preserve within-date market dependence; independent date-block resampling does not preserve serial dependence across dates; descriptive uncertainty only
inspected_2024Q1,ablation_without_seasonality,adaptive-minus-commodity_fixed,coverage,0.024572004028197383,0.020000697348949378,0.0290013124326595,91,300,Whole dates preserve within-date market dependence; independent date-block resampling does not preserve serial dependence across dates; descriptive uncertainty only
inspected_2024Q1,ablation_without_seasonality,adaptive-minus-commodity_fixed,width,46.57082944509761,43.066703189916794,49.95192812739255,91,300,Whole dates preserve within-date market dependence; independent date-block resampling does not preserve serial dependence across dates; descriptive uncertainty only
inspected_2024Q1,ablation_without_seasonality,adaptive-minus-commodity_fixed,interval_score,-16.88568262794556,-32.96268653735029,-1.9366804562413833,91,300,Whole dates preserve within-date market dependence; independent date-block resampling does not preserve serial dependence across dates; descriptive uncertainty only
inspected_2024Q1,existing_lightgbm_bundle,adaptive-minus-pooled_fixed,coverage,0.027190332326283987,0.021830484985256193,0.033175269082017365,91,300,Whole dates preserve within-date market dependence; independent date-block resampling does not preserve serial dependence across dates; descriptive uncertainty only
inspected_2024Q1,existing_lightgbm_bundle,adaptive-minus-pooled_fixed,width,48.386259539184785,44.09563155451783,52.4807899060079,91,300,Whole dates preserve within-date market dependence; independent date-block resampling does not preserve serial dependence across dates; descriptive uncertainty only
inspected_2024Q1,existing_lightgbm_bundle,adaptive-minus-pooled_fixed,interval_score,-24.149451375371285,-49.951201605544775,-6.029827709833908,91,300,Whole dates preserve within-date market dependence; independent date-block resampling does not preserve serial dependence across dates; descriptive uncertainty only
inspected_2024Q1,existing_lightgbm_bundle,adaptive-minus-commodity_fixed,coverage,0.027391742195367573,0.021608590993012225,0.033596029860357805,91,300,Whole dates preserve within-date market dependence; independent date-block resampling does not preserve serial dependence across dates; descriptive uncertainty only
inspected_2024Q1,existing_lightgbm_bundle,adaptive-minus-commodity_fixed,width,47.28810158632162,43.2190415104834,51.53420424685563,91,300,Whole dates preserve within-date market dependence; independent date-block resampling does not preserve serial dependence across dates; descriptive uncertainty only
inspected_2024Q1,existing_lightgbm_bundle,adaptive-minus-commodity_fixed,interval_score,-24.925734627277524,-44.72997105019125,-5.624218108447272,91,300,Whole dates preserve within-date market dependence; independent date-block resampling does not preserve serial dependence across dates; descriptive uncertainty only
inspected_2024Q1,log_lightgbm,adaptive-minus-pooled_fixed,coverage,0.026988922457200405,0.02134459880180424,0.03312593281208923,91,300,Whole dates preserve within-date market dependence; independent date-block resampling does not preserve serial dependence across dates; descriptive uncertainty only
inspected_2024Q1,log_lightgbm,adaptive-minus-pooled_fixed,width,45.699564353991875,42.330668054435144,49.55970239286402,91,300,Whole dates preserve within-date market dependence; independent date-block resampling does not preserve serial dependence across dates; descriptive uncertainty only
inspected_2024Q1,log_lightgbm,adaptive-minus-pooled_fixed,interval_score,-17.05530438642904,-34.98155248803555,0.4541555438029612,91,300,Whole dates preserve within-date market dependence; independent date-block resampling does not preserve serial dependence across dates; descriptive uncertainty only
inspected_2024Q1,log_lightgbm,adaptive-minus-commodity_fixed,coverage,0.027794561933534745,0.02258879793652462,0.03363472709266809,91,300,Whole dates preserve within-date market dependence; independent date-block resampling does not preserve serial dependence across dates; descriptive uncertainty only
inspected_2024Q1,log_lightgbm,adaptive-minus-commodity_fixed,width,45.64978210536551,42.32518088321221,49.567788092435286,91,300,Whole dates preserve within-date market dependence; independent date-block resampling does not preserve serial dependence across dates; descriptive uncertainty only
inspected_2024Q1,log_lightgbm,adaptive-minus-commodity_fixed,interval_score,-18.58349149506913,-33.48144427369722,-3.7105710908046996,91,300,Whole dates preserve within-date market dependence; independent date-block resampling does not preserve serial dependence across dates; descriptive uncertainty only
inspected_2024Q1,prespecified_log_full,adaptive-minus-pooled_fixed,coverage,0.025579053373615306,0.019757918002254442,0.030714667484485432,91,300,Whole dates preserve within-date market dependence; independent date-block resampling does not preserve serial dependence across dates; descriptive uncertainty only
inspected_2024Q1,prespecified_log_full,adaptive-minus-pooled_fixed,width,46.679953963930025,43.32439529346292,50.07050156729749,91,300,Whole dates preserve within-date market dependence; independent date-block resampling does not preserve serial dependence across dates; descriptive uncertainty only
inspected_2024Q1,prespecified_log_full,adaptive-minus-pooled_fixed,interval_score,-14.763698788884538,-31.90014869520289,0.11495230231306683,91,300,Whole dates preserve within-date market dependence; independent date-block resampling does not preserve serial dependence across dates; descriptive uncertainty only
inspected_2024Q1,prespecified_log_full,adaptive-minus-commodity_fixed,coverage,0.027190332326283987,0.021548270990963098,0.03265299000254814,91,300,Whole dates preserve within-date market dependence; independent date-block resampling does not preserve serial dependence across dates; descriptive uncertainty only
inspected_2024Q1,prespecified_log_full,adaptive-minus-commodity_fixed,width,48.0464867131798,44.89931219138681,51.77997080529497,91,300,Whole dates preserve within-date market dependence; independent date-block resampling does not preserve serial dependence across dates; descriptive uncertainty only
inspected_2024Q1,prespecified_log_full,adaptive-minus-commodity_fixed,interval_score,-16.92773058914372,-32.706836429108016,-0.6314395062853368,91,300,Whole dates preserve within-date market dependence; independent date-block resampling does not preserve serial dependence across dates; descriptive uncertainty only
inspected_2024Q1,random_forest,adaptive-minus-pooled_fixed,coverage,0.02336354481369587,0.017898889251236675,0.02834104204212229,91,300,Whole dates preserve within-date market dependence; independent date-block resampling does not preserve serial dependence across dates; descriptive uncertainty only
inspected_2024Q1,random_forest,adaptive-minus-pooled_fixed,width,42.96801406290882,39.24450597730561,46.496249741228425,91,300,Whole dates preserve within-date market dependence; independent date-block resampling does not preserve serial dependence across dates; descriptive uncertainty only
inspected_2024Q1,random_forest,adaptive-minus-pooled_fixed,interval_score,-13.87380440120032,-31.238838280549132,1.090286179423962,91,300,Whole dates preserve within-date market dependence; independent date-block resampling does not preserve serial dependence across dates; descriptive uncertainty only
inspected_2024Q1,random_forest,adaptive-minus-commodity_fixed,coverage,0.023564954682779457,0.017832297785932233,0.02941249778178339,91,300,Whole dates preserve within-date market dependence; independent date-block resampling does not preserve serial dependence across dates; descriptive uncertainty only
inspected_2024Q1,random_forest,adaptive-minus-commodity_fixed,width,44.938014079769545,41.628124902550304,48.669833107190136,91,300,Whole dates preserve within-date market dependence; independent date-block resampling does not preserve serial dependence across dates; descriptive uncertainty only
inspected_2024Q1,random_forest,adaptive-minus-commodity_fixed,interval_score,-14.268969680287029,-29.564841338449096,0.5053718359022124,91,300,Whole dates preserve within-date market dependence; independent date-block resampling does not preserve serial dependence across dates; descriptive uncertainty only
inspected_2024Q1,rolling_mean,adaptive-minus-pooled_fixed,coverage,0.007653575025176234,0.0017223786366985286,0.012735266713254133,91,300,Whole dates preserve within-date market dependence; independent date-block resampling does not preserve serial dependence across dates; descriptive uncertainty only
inspected_2024Q1,rolling_mean,adaptive-minus-pooled_fixed,width,26.321883720903397,19.557951071361845,32.52653568908222,91,300,Whole dates preserve within-date market dependence; independent date-block resampling does not preserve serial dependence across dates; descriptive uncertainty only
inspected_2024Q1,rolling_mean,adaptive-minus-pooled_fixed,interval_score,-15.594199717714408,-44.845365394345244,6.509279977657621,91,300,Whole dates preserve within-date market dependence; independent date-block resampling does not preserve serial dependence across dates; descriptive uncertainty only
inspected_2024Q1,rolling_mean,adaptive-minus-commodity_fixed,coverage,0.006646525679758308,0.00039473882822419485,0.012282246177969417,91,300,Whole dates preserve within-date market dependence; independent date-block resampling does not preserve serial dependence across dates; descriptive uncertainty only
inspected_2024Q1,rolling_mean,adaptive-minus-commodity_fixed,width,23.77683975577357,17.119104911299715,30.993478462660942,91,300,Whole dates preserve within-date market dependence; independent date-block resampling does not preserve serial dependence across dates; descriptive uncertainty only
inspected_2024Q1,rolling_mean,adaptive-minus-commodity_fixed,interval_score,-13.264076980780953,-44.75721339149616,7.334083894781264,91,300,Whole dates preserve within-date market dependence; independent date-block resampling does not preserve serial dependence across dates; descriptive uncertainty only
inspected_2024Q1,selected_lightgbm_bundle,adaptive-minus-pooled_fixed,coverage,0.026586102719033233,0.021107094280495807,0.03214368418057067,91,300,Whole dates preserve within-date market dependence; independent date-block resampling does not preserve serial dependence across dates; descriptive uncertainty only
inspected_2024Q1,selected_lightgbm_bundle,adaptive-minus-pooled_fixed,width,47.530199545416515,42.68995768292265,51.25655593618677,91,300,Whole dates preserve within-date market dependence; independent date-block resampling does not preserve serial dependence across dates; descriptive uncertainty only
inspected_2024Q1,selected_lightgbm_bundle,adaptive-minus-pooled_fixed,interval_score,-24.02015722314683,-45.24173145006758,-3.072612055992,91,300,Whole dates preserve within-date market dependence; independent date-block resampling does not preserve serial dependence across dates; descriptive uncertainty only
inspected_2024Q1,selected_lightgbm_bundle,adaptive-minus-commodity_fixed,coverage,0.026183282980866064,0.020254276225646226,0.03176526192597275,91,300,Whole dates preserve within-date market dependence; independent date-block resampling does not preserve serial dependence across dates; descriptive uncertainty only
inspected_2024Q1,selected_lightgbm_bundle,adaptive-minus-commodity_fixed,width,47.70528148548332,43.37278714184872,51.58511001226906,91,300,Whole dates preserve within-date market dependence; independent date-block resampling does not preserve serial dependence across dates; descriptive uncertainty only
inspected_2024Q1,selected_lightgbm_bundle,adaptive-minus-commodity_fixed,interval_score,-26.299672199920572,-48.865620639081925,-9.882172306211904,91,300,Whole dates preserve within-date market dependence; independent date-block resampling does not preserve serial dependence across dates; descriptive uncertainty only
inspected_2024Q1,weekly_seasonal,adaptive-minus-pooled_fixed,coverage,0.014098690835850957,0.009886627071853218,0.01887169356387008,91,300,Whole dates preserve within-date market dependence; independent date-block resampling does not preserve serial dependence across dates; descriptive uncertainty only
inspected_2024Q1,weekly_seasonal,adaptive-minus-pooled_fixed,width,24.936101110883705,20.527560092261798,28.749392021680297,91,300,Whole dates preserve within-date market dependence; independent date-block resampling does not preserve serial dependence across dates; descriptive uncertainty only
inspected_2024Q1,weekly_seasonal,adaptive-minus-pooled_fixed,interval_score,-28.387042828118883,-64.71435211030597,-4.927204742186764,91,300,Whole dates preserve within-date market dependence; independent date-block resampling does not preserve serial dependence across dates; descriptive uncertainty only
inspected_2024Q1,weekly_seasonal,adaptive-minus-commodity_fixed,coverage,0.012487411883182276,0.008265132640998589,0.017632144581905287,91,300,Whole dates preserve within-date market dependence; independent date-block resampling does not preserve serial dependence across dates; descriptive uncertainty only
inspected_2024Q1,weekly_seasonal,adaptive-minus-commodity_fixed,width,21.936898337433895,17.82261792187854,26.937239958098825,91,300,Whole dates preserve within-date market dependence; independent date-block resampling does not preserve serial dependence across dates; descriptive uncertainty only
inspected_2024Q1,weekly_seasonal,adaptive-minus-commodity_fixed,interval_score,-9.291319538754626,-33.318814710931136,8.080770822955978,91,300,Whole dates preserve within-date market dependence; independent date-block resampling does not preserve serial dependence across dates; descriptive uncertainty only
later_2024Q2,ablation_without_price,adaptive-minus-pooled_fixed,coverage,0.042491147677567176,0.035977665865162815,0.05050502373066943,91,300,Whole dates preserve within-date market dependence; independent date-block resampling does not preserve serial dependence across dates; descriptive uncertainty only
later_2024Q2,ablation_without_price,adaptive-minus-pooled_fixed,width,162.54162448588983,138.91869127057458,186.6823345085783,91,300,Whole dates preserve within-date market dependence; independent date-block resampling does not preserve serial dependence across dates; descriptive uncertainty only
later_2024Q2,ablation_without_price,adaptive-minus-pooled_fixed,interval_score,-34.16057939654104,-100.2671804168156,21.713717192973814,91,300,Whole dates preserve within-date market dependence; independent date-block resampling does not preserve serial dependence across dates; descriptive uncertainty only
later_2024Q2,ablation_without_price,adaptive-minus-commodity_fixed,coverage,0.04124140803999167,0.034542428239432196,0.047940226530594085,91,300,Whole dates preserve within-date market dependence; independent date-block resampling does not preserve serial dependence across dates; descriptive uncertainty only
later_2024Q2,ablation_without_price,adaptive-minus-commodity_fixed,width,159.3317524679218,137.16802393309493,186.25062437518585,91,300,Whole dates preserve within-date market dependence; independent date-block resampling does not preserve serial dependence across dates; descriptive uncertainty only
later_2024Q2,ablation_without_price,adaptive-minus-commodity_fixed,interval_score,-31.37988059807942,-104.06716172084738,25.755632912217493,91,300,Whole dates preserve within-date market dependence; independent date-block resampling does not preserve serial dependence across dates; descriptive uncertainty only
later_2024Q2,ablation_without_seasonality,adaptive-minus-pooled_fixed,coverage,0.03978337846282025,0.03250802698929735,0.04539390939947823,91,300,Whole dates preserve within-date market dependence; independent date-block resampling does not preserve serial dependence across dates; descriptive uncertainty only
later_2024Q2,ablation_without_seasonality,adaptive-minus-pooled_fixed,width,161.2897630094093,135.78513765851875,183.881725620086,91,300,Whole dates preserve within-date market dependence; independent date-block resampling does not preserve serial dependence across dates; descriptive uncertainty only
later_2024Q2,ablation_without_seasonality,adaptive-minus-pooled_fixed,interval_score,-30.46896836109678,-93.93294621624952,35.493110345648375,91,300,Whole dates preserve within-date market dependence; independent date-block resampling does not preserve serial dependence across dates; descriptive uncertainty only
later_2024Q2,ablation_without_seasonality,adaptive-minus-commodity_fixed,coverage,0.03853363882524474,0.03122533842031941,0.045137910688721285,91,300,Whole dates preserve within-date market dependence; independent date-block resampling does not preserve serial dependence across dates; descriptive uncertainty only
later_2024Q2,ablation_without_seasonality,adaptive-minus-commodity_fixed,width,153.99144944525165,128.60446112590967,178.83127463529135,91,300,Whole dates preserve within-date market dependence; independent date-block resampling does not preserve serial dependence across dates; descriptive uncertainty only
later_2024Q2,ablation_without_seasonality,adaptive-minus-commodity_fixed,interval_score,-24.557884452842334,-86.6751901651165,33.81616365828569,91,300,Whole dates preserve within-date market dependence; independent date-block resampling does not preserve serial dependence across dates; descriptive uncertainty only
later_2024Q2,existing_lightgbm_bundle,adaptive-minus-pooled_fixed,coverage,0.039991668402416164,0.0335944419991938,0.04743172386227551,91,300,Whole dates preserve within-date market dependence; independent date-block resampling does not preserve serial dependence across dates; descriptive uncertainty only
later_2024Q2,existing_lightgbm_bundle,adaptive-minus-pooled_fixed,width,151.25468407052475,129.63711649874253,172.159043599349,91,300,Whole dates preserve within-date market dependence; independent date-block resampling does not preserve serial dependence across dates; descriptive uncertainty only
later_2024Q2,existing_lightgbm_bundle,adaptive-minus-pooled_fixed,interval_score,-29.542096033961315,-91.17908675202078,25.338123790233517,91,300,Whole dates preserve within-date market dependence; independent date-block resampling does not preserve serial dependence across dates; descriptive uncertainty only
later_2024Q2,existing_lightgbm_bundle,adaptive-minus-commodity_fixed,coverage,0.038117058946052905,0.031724233513709545,0.04463808757701518,91,300,Whole dates preserve within-date market dependence; independent date-block resampling does not preserve serial dependence across dates; descriptive uncertainty only
later_2024Q2,existing_lightgbm_bundle,adaptive-minus-commodity_fixed,width,140.2481024578714,123.0020876082864,162.62466389019121,91,300,Whole dates preserve within-date market dependence; independent date-block resampling does not preserve serial dependence across dates; descriptive uncertainty only
later_2024Q2,existing_lightgbm_bundle,adaptive-minus-commodity_fixed,interval_score,-22.016199342374136,-69.06826338753494,22.709432168420925,91,300,Whole dates preserve within-date market dependence; independent date-block resampling does not preserve serial dependence across dates; descriptive uncertainty only
later_2024Q2,log_lightgbm,adaptive-minus-pooled_fixed,coverage,0.042282857737971254,0.035726673746985856,0.048964883577559626,91,300,Whole dates preserve within-date market dependence; independent date-block resampling does not preserve serial dependence across dates; descriptive uncertainty only
later_2024Q2,log_lightgbm,adaptive-minus-pooled_fixed,width,155.96239662897597,133.06500295740892,183.45721243084657,91,300,Whole dates preserve within-date market dependence; independent date-block resampling does not preserve serial dependence across dates; descriptive uncertainty only
later_2024Q2,log_lightgbm,adaptive-minus-pooled_fixed,interval_score,-25.20207754228078,-87.9285679790674,34.52794695003547,91,300,Whole dates preserve within-date market dependence; independent date-block resampling does not preserve serial dependence across dates; descriptive uncertainty only
later_2024Q2,log_lightgbm,adaptive-minus-commodity_fixed,coverage,0.04082482816079983,0.03495425766387643,0.04860840100581007,91,300,Whole dates preserve within-date market dependence; independent date-block resampling does not preserve serial dependence across dates; descriptive uncertainty only
later_2024Q2,log_lightgbm,adaptive-minus-commodity_fixed,width,150.31148993420845,127.43585930643678,173.71721395418118,91,300,Whole dates preserve within-date market dependence; independent date-block resampling does not preserve serial dependence across dates; descriptive uncertainty only
later_2024Q2,log_lightgbm,adaptive-minus-commodity_fixed,interval_score,-19.90932269921973,-76.62599969480891,36.127414466501975,91,300,Whole dates preserve within-date market dependence; independent date-block resampling does not preserve serial dependence across dates; descriptive uncertainty only
later_2024Q2,prespecified_log_full,adaptive-minus-pooled_fixed,coverage,0.04061653822120392,0.034803326172377066,0.04765476977443128,91,300,Whole dates preserve within-date market dependence; independent date-block resampling does not preserve serial dependence across dates; descriptive uncertainty only
later_2024Q2,prespecified_log_full,adaptive-minus-pooled_fixed,width,160.09757942690203,135.0774430988714,184.6676746260725,91,300,Whole dates preserve within-date market dependence; independent date-block resampling does not preserve serial dependence across dates; descriptive uncertainty only
later_2024Q2,prespecified_log_full,adaptive-minus-pooled_fixed,interval_score,-30.813761103655672,-92.54978661535667,31.742679156398093,91,300,Whole dates preserve within-date market dependence; independent date-block resampling does not preserve serial dependence across dates; descriptive uncertainty only
later_2024Q2,prespecified_log_full,adaptive-minus-commodity_fixed,coverage,0.04082482816079983,0.0345524695824575,0.04696455806874665,91,300,Whole dates preserve within-date market dependence; independent date-block resampling does not preserve serial dependence across dates; descriptive uncertainty only
later_2024Q2,prespecified_log_full,adaptive-minus-commodity_fixed,width,157.89293734518102,135.12739214603712,184.38590064099375,91,300,Whole dates preserve within-date market dependence; independent date-block resampling does not preserve serial dependence across dates; descriptive uncertainty only
later_2024Q2,prespecified_log_full,adaptive-minus-commodity_fixed,interval_score,-28.126842844988712,-87.67993732657179,37.119466846956286,91,300,Whole dates preserve within-date market dependence; independent date-block resampling does not preserve serial dependence across dates; descriptive uncertainty only
later_2024Q2,random_forest,adaptive-minus-pooled_fixed,coverage,0.033951260154134556,0.027039211872494032,0.0409136629508218,91,300,Whole dates preserve within-date market dependence; independent date-block resampling does not preserve serial dependence across dates; descriptive uncertainty only
later_2024Q2,random_forest,adaptive-minus-pooled_fixed,width,140.38773854482844,117.8908060763475,159.02161124014097,91,300,Whole dates preserve within-date market dependence; independent date-block resampling does not preserve serial dependence across dates; descriptive uncertainty only
later_2024Q2,random_forest,adaptive-minus-pooled_fixed,interval_score,-14.885435526678327,-69.29004080932233,25.184825145713976,91,300,Whole dates preserve within-date market dependence; independent date-block resampling does not preserve serial dependence across dates; descriptive uncertainty only
later_2024Q2,random_forest,adaptive-minus-commodity_fixed,coverage,0.03228494063736721,0.025672492369126505,0.038075371205215806,91,300,Whole dates preserve within-date market dependence; independent date-block resampling does not preserve serial dependence across dates; descriptive uncertainty only
later_2024Q2,random_forest,adaptive-minus-commodity_fixed,width,137.52288432612244,119.65957130861077,153.91575399258832,91,300,Whole dates preserve within-date market dependence; independent date-block resampling does not preserve serial dependence across dates; descriptive uncertainty only
later_2024Q2,random_forest,adaptive-minus-commodity_fixed,interval_score,-12.117240568041247,-55.16659062441545,28.190060408090407,91,300,Whole dates preserve within-date market dependence; independent date-block resampling does not preserve serial dependence across dates; descriptive uncertainty only
later_2024Q2,rolling_mean,adaptive-minus-pooled_fixed,coverage,0.05769631326806915,0.04663859125901922,0.06822560972424636,91,300,Whole dates preserve within-date market dependence; independent date-block resampling does not preserve serial dependence across dates; descriptive uncertainty only
later_2024Q2,rolling_mean,adaptive-minus-pooled_fixed,width,174.33824546901783,141.83714515327156,204.5260532052759,91,300,Whole dates preserve within-date market dependence; independent date-block resampling does not preserve serial dependence across dates; descriptive uncertainty only
later_2024Q2,rolling_mean,adaptive-minus-pooled_fixed,interval_score,-276.2949590256509,-431.3741253829728,-157.1954065357712,91,300,Whole dates preserve within-date market dependence; independent date-block resampling does not preserve serial dependence across dates; descriptive uncertainty only
later_2024Q2,rolling_mean,adaptive-minus-commodity_fixed,coverage,0.057071443449281396,0.047309595262438754,0.06704090909090908,91,300,Whole dates preserve within-date market dependence; independent date-block resampling does not preserve serial dependence across dates; descriptive uncertainty only
later_2024Q2,rolling_mean,adaptive-minus-commodity_fixed,width,157.5930361078654,129.03078939886424,184.63948100835356,91,300,Whole dates preserve within-date market dependence; independent date-block resampling does not preserve serial dependence across dates; descriptive uncertainty only
later_2024Q2,rolling_mean,adaptive-minus-commodity_fixed,interval_score,-237.86888328136635,-374.85761771488484,-138.92303558610922,91,300,Whole dates preserve within-date market dependence; independent date-block resampling does not preserve serial dependence across dates; descriptive uncertainty only
later_2024Q2,selected_lightgbm_bundle,adaptive-minus-pooled_fixed,coverage,0.036242449489689646,0.029426652777820125,0.04237708140412444,91,300,Whole dates preserve within-date market dependence; independent date-block resampling does not preserve serial dependence across dates; descriptive uncertainty only
later_2024Q2,selected_lightgbm_bundle,adaptive-minus-pooled_fixed,width,147.88609617240152,126.63359426616456,168.64679480664702,91,300,Whole dates preserve within-date market dependence; independent date-block resampling does not preserve serial dependence across dates; descriptive uncertainty only
later_2024Q2,selected_lightgbm_bundle,adaptive-minus-pooled_fixed,interval_score,-25.071790315705044,-72.97878678751583,24.83867270953984,91,300,Whole dates preserve within-date market dependence; independent date-block resampling does not preserve serial dependence across dates; descriptive uncertainty only
later_2024Q2,selected_lightgbm_bundle,adaptive-minus-commodity_fixed,coverage,0.03561757967090189,0.02916547164268864,0.042931261175144037,91,300,Whole dates preserve within-date market dependence; independent date-block resampling does not preserve serial dependence across dates; descriptive uncertainty only
later_2024Q2,selected_lightgbm_bundle,adaptive-minus-commodity_fixed,width,140.43136218537202,116.02798433974137,159.73409487744408,91,300,Whole dates preserve within-date market dependence; independent date-block resampling does not preserve serial dependence across dates; descriptive uncertainty only
later_2024Q2,selected_lightgbm_bundle,adaptive-minus-commodity_fixed,interval_score,-21.312592986946377,-70.07631658784142,28.604377094709488,91,300,Whole dates preserve within-date market dependence; independent date-block resampling does not preserve serial dependence across dates; descriptive uncertainty only
later_2024Q2,weekly_seasonal,adaptive-minus-pooled_fixed,coverage,0.05790460320766507,0.04746302347945229,0.06812559877869903,91,300,Whole dates preserve within-date market dependence; independent date-block resampling does not preserve serial dependence across dates; descriptive uncertainty only
later_2024Q2,weekly_seasonal,adaptive-minus-pooled_fixed,width,185.45900864879758,159.89353971826569,213.36056975881795,91,300,Whole dates preserve within-date market dependence; independent date-block resampling does not preserve serial dependence across dates; descriptive uncertainty only
later_2024Q2,weekly_seasonal,adaptive-minus-pooled_fixed,interval_score,-314.95342261022137,-467.75212879182754,-187.78221572598906,91,300,Whole dates preserve within-date market dependence; independent date-block resampling does not preserve serial dependence across dates; descriptive uncertainty only
later_2024Q2,weekly_seasonal,adaptive-minus-commodity_fixed,coverage,0.05373880441574672,0.04335642642454817,0.06277379587901655,91,300,Whole dates preserve within-date market dependence; independent date-block resampling does not preserve serial dependence across dates; descriptive uncertainty only
later_2024Q2,weekly_seasonal,adaptive-minus-commodity_fixed,width,157.3238564538425,131.8412106530755,182.29804353228795,91,300,Whole dates preserve within-date market dependence; independent date-block resampling does not preserve serial dependence across dates; descriptive uncertainty only
later_2024Q2,weekly_seasonal,adaptive-minus-commodity_fixed,interval_score,-226.02890697407148,-382.9053803158752,-108.35945694084933,91,300,Whole dates preserve within-date market dependence; independent date-block resampling does not preserve serial dependence across dates; descriptive uncertainty only
