period,model,level,group,n,mae,rmse,wape,smape,r2,training_seconds,inference_seconds
inspected_2024Q1,rolling_mean,overall,all,4965,37.96034827509409,150.31210717310498,0.2771410569490797,0.29534095759690626,0.643979548943737,0.0,0.0003462000750005245
inspected_2024Q1,rolling_mean,commodity,Onion,1288,12.583404159269856,24.3916197142617,0.23428954690278944,0.28510933617523826,0.8550486974424877,,
inspected_2024Q1,rolling_mean,commodity,Potato,1289,30.898076566135906,54.1133738847274,0.20264580096047116,0.2419424948474334,0.8729810962373121,,
inspected_2024Q1,rolling_mean,commodity,Rice,1193,51.48149848442139,121.8331087011734,0.30750657742657084,0.31296533089787754,0.7684848738254397,,
inspected_2024Q1,rolling_mean,commodity,Wheat,1195,59.43151150045082,274.32531487691944,0.3309136582536789,0.34637281494177646,0.5293686262500409,,
inspected_2024Q1,rolling_mean,market,Achalda APMC,298,14.31497852709007,23.93239578952723,0.49611718335440375,0.44303411301329415,0.5642044063097038,,
inspected_2024Q1,rolling_mean,market,Auraiya APMC,310,10.830527699859747,16.555825140607652,0.2907347973672539,0.31304060294223757,0.736808600103958,,
inspected_2024Q1,rolling_mean,market,Bahraich APMC,307,85.58374913631428,177.86815792407202,0.26113274871813497,0.2347825231350725,0.7899367360805033,,
inspected_2024Q1,rolling_mean,market,Basti APMC,296,26.547572861350034,38.42938382710912,0.38922589365296006,0.3116039887151536,-0.14581777166945153,,
inspected_2024Q1,rolling_mean,market,Bindki APMC,304,70.68984343726466,156.0462250653711,0.5258232437868342,0.3793570989503541,0.43044597805881657,,
inspected_2024Q1,rolling_mean,market,Chandoli APMC,285,7.837438533826217,11.557680328497709,0.21616858435502484,0.22629805712343487,0.7637576313417034,,
inspected_2024Q1,rolling_mean,market,Fatehpur APMC,318,15.786279567745561,25.244920581294288,0.5699406110970808,0.595605530008727,0.20406967327796433,,
inspected_2024Q1,rolling_mean,market,Gazipur APMC,294,9.115505527450958,13.437243382849994,0.1783250906657738,0.18247114325838018,0.7725616586662214,,
inspected_2024Q1,rolling_mean,market,Ghaziabad APMC,319,130.89291450577397,520.3279963981969,0.27563679392244705,0.2208313360952541,0.40999730253878786,,
inspected_2024Q1,rolling_mean,market,Kayamganj APMC,304,36.31165948313224,76.86992530589761,0.29107158915403497,0.3600880338839887,0.845114889635301,,
inspected_2024Q1,rolling_mean,market,Lakhimpur APMC,322,30.42391790616541,47.504580161907576,0.25720703543859647,0.2482981940675691,0.3054015183661011,,
inspected_2024Q1,rolling_mean,market,Lucknow APMC,314,52.27056756004901,72.04961095716473,0.15608941630469886,0.18025396677595232,0.7353402296812251,,
inspected_2024Q1,rolling_mean,market,Muradabad APMC,307,21.913955631458816,28.92907802416254,0.21918953438431749,0.24140956907015437,0.6604856831887844,,
inspected_2024Q1,rolling_mean,market,Muzzafarnagar APMC,327,57.63470142089342,92.15207015996837,0.4424903119043987,0.4068225686161428,0.43319541167282527,,
inspected_2024Q1,rolling_mean,market,Saharanpur APMC,320,28.04192645043664,39.6290091530362,0.18104705964288043,0.16969529492792898,0.673773082985843,,
inspected_2024Q1,rolling_mean,market,Unnao APMC,340,5.1280568642284114,7.733416829008404,0.20334243023857765,0.21238109706802202,0.7052215044130767,,
inspected_2024Q1,rolling_mean,month,2024-01,1719,46.060073914938855,217.1729302418986,0.30666053838164514,0.3175468927929901,0.5048302266051654,,
inspected_2024Q1,rolling_mean,month,2024-02,1629,35.726586624739994,118.96325783366501,0.2567203657842895,0.2733625131116668,0.755414147186221,,
inspected_2024Q1,rolling_mean,month,2024-03,1617,31.600032476413638,70.55213281399371,0.26180921696818477,0.2938758267771084,0.8571954457335431,,
inspected_2024Q1,weekly_seasonal,overall,all,4965,43.49289554768691,161.74227484320772,0.31753309939388313,0.32677358836422027,0.5877752019161724,0.0,0.0006949999369680882
inspected_2024Q1,weekly_seasonal,commodity,Onion,1288,14.160969588686136,27.55409155882339,0.2636621304254418,0.3133287276968923,0.8150250000307603,,
inspected_2024Q1,weekly_seasonal,commodity,Potato,1289,35.89425722830705,61.29439714154893,0.23541337566246842,0.2742141019846276,0.8370326170641916,,
inspected_2024Q1,weekly_seasonal,commodity,Rice,1193,56.300628664501254,132.26610374087113,0.3362919522015085,0.3395433578233988,0.7271362519474107,,
inspected_2024Q1,weekly_seasonal,commodity,Wheat,1195,70.51761506276151,293.8644674011355,0.3926408967667957,0.3852102607642315,0.4599384536160024,,
inspected_2024Q1,weekly_seasonal,market,Achalda APMC,298,16.780061521252794,27.718793441166934,0.5815500765637417,0.48816663390688453,0.4153995759235488,,
inspected_2024Q1,weekly_seasonal,market,Auraiya APMC,310,12.568198924731181,19.168719239089114,0.33738086166386677,0.351597123931383,0.6471775387614546,,
inspected_2024Q1,weekly_seasonal,market,Bahraich APMC,307,100.51815960912052,195.9699969147827,0.306700554482723,0.2685925938160256,0.7450042946771119,,
inspected_2024Q1,weekly_seasonal,market,Basti APMC,296,30.909346846846844,44.21061007141427,0.45317582181716115,0.3461976810078754,-0.5164976003978985,,
inspected_2024Q1,weekly_seasonal,market,Bindki APMC,304,79.61433661211623,178.37784351159,0.5922076877489794,0.4083109182920004,0.25576479924906304,,
inspected_2024Q1,weekly_seasonal,market,Chandoli APMC,285,9.28205931495405,13.676760605384581,0.25601344282995303,0.26352230626483353,0.6691867299028247,,
inspected_2024Q1,weekly_seasonal,market,Fatehpur APMC,318,17.74253144654088,27.829135896137995,0.6405682334241598,0.6349789570433876,0.03277730528245115,,
inspected_2024Q1,weekly_seasonal,market,Gazipur APMC,294,10.739795918367347,15.493505652486402,0.21010080846391854,0.20902925867844166,0.6976272132814321,,
inspected_2024Q1,weekly_seasonal,market,Ghaziabad APMC,319,154.07915360501568,553.3066276123036,0.3244628181008021,0.2442008323317094,0.33283791984793387,,
inspected_2024Q1,weekly_seasonal,market,Kayamganj APMC,304,41.61307565789474,86.404872336024,0.33356735092090867,0.40179537277944816,0.8043079345182877,,
inspected_2024Q1,weekly_seasonal,market,Lakhimpur APMC,322,34.74767080745342,53.99835152795287,0.2937605019953791,0.2756738021956001,0.1025218897962542,,
inspected_2024Q1,weekly_seasonal,market,Lucknow APMC,314,61.36124573063786,82.09995534885779,0.18323583379540173,0.20611077915539466,0.6563546332241812,,
inspected_2024Q1,weekly_seasonal,market,Muradabad APMC,307,25.045874049945713,33.12242758331495,0.25051586137990206,0.2779063891879629,0.5549249744567852,,
inspected_2024Q1,weekly_seasonal,market,Muzzafarnagar APMC,327,60.0407747196738,98.41383800931011,0.46096293513648884,0.4306166196941413,0.35354916092616717,,
inspected_2024Q1,weekly_seasonal,market,Saharanpur APMC,320,30.71979166666667,43.90258313078577,0.19833615796411375,0.18488064984923264,0.5996189518625792,,
inspected_2024Q1,weekly_seasonal,market,Unnao APMC,340,5.820759803921569,8.693027817676008,0.23081012471232196,0.23999724210302845,0.6275267413124104,,
inspected_2024Q1,weekly_seasonal,month,2024-01,1719,52.61141248643525,218.6925953849548,0.3502782932546768,0.35608015559652273,0.49787609082312534,,
inspected_2024Q1,weekly_seasonal,month,2024-02,1629,42.759382032995696,153.2686569690591,0.3072558907326266,0.3065453109562562,0.5940128020452051,,
inspected_2024Q1,weekly_seasonal,month,2024-03,1617,34.53814161925376,76.26983476260607,0.2861517253066869,0.315996763890037,0.8331111297599788,,
inspected_2024Q1,random_forest,overall,all,4965,31.969826160214776,149.68674413293525,0.2334054300111212,0.23193165635448248,0.6469357830421084,102.82123839994892,0.09070340008474886
inspected_2024Q1,random_forest,commodity,Onion,1288,9.831253059611639,20.038039083256034,0.18304743260799183,0.2421000641337122,0.9021746793168337,,
inspected_2024Q1,random_forest,commodity,Potato,1289,24.77922651035117,46.097355509106336,0.16251517121536566,0.19502914576425426,0.907825421795652,,
inspected_2024Q1,random_forest,commodity,Rice,1193,46.92265732897145,125.6724535871188,0.28027594735530315,0.24068875473180557,0.7536634198685814,,
inspected_2024Q1,random_forest,commodity,Wheat,1195,48.65973203295478,273.13218985825273,0.2709365710233812,0.252034759757838,0.5334535642435173,,
inspected_2024Q1,random_forest,market,Achalda APMC,298,10.021585443205158,20.14294332580592,0.34732016771240765,0.33294724741674175,0.6912859868815338,,
inspected_2024Q1,random_forest,market,Auraiya APMC,310,10.26194588683148,16.16540269328696,0.2754717813094472,0.2917805690392813,0.7490754882061788,,
inspected_2024Q1,random_forest,market,Bahraich APMC,307,78.05728034880079,190.0283640120667,0.23816802115643132,0.1669842507476977,0.7602323684070955,,
inspected_2024Q1,random_forest,market,Basti APMC,296,13.446127841256038,21.961683008326094,0.1971397216807067,0.19198683408580564,0.6257860706953648,,
inspected_2024Q1,random_forest,market,Bindki APMC,304,67.26756736756103,151.91669512839198,0.50036679606245,0.368219760020951,0.46019190019976186,,
inspected_2024Q1,random_forest,market,Chandoli APMC,285,5.280987671533182,15.878342167319477,0.1456577457066638,0.13996154136422925,0.5541110140550147,,
inspected_2024Q1,random_forest,market,Fatehpur APMC,318,15.360719614149172,27.839864412387914,0.5545763893391731,0.539052901941517,0.032031406117735584,,
inspected_2024Q1,random_forest,market,Gazipur APMC,294,7.472024930510023,11.63165028518016,0.14617395811757306,0.1420148628385916,0.8295778714721062,,
inspected_2024Q1,random_forest,market,Ghaziabad APMC,319,128.9104164437027,522.3720559657719,0.2714620117209041,0.22377567892051523,0.4053526572494599,,
inspected_2024Q1,random_forest,market,Kayamganj APMC,304,27.234626641947244,59.26269403515718,0.21831076214984937,0.24382336778719685,0.907942424674238,,
inspected_2024Q1,random_forest,market,Lakhimpur APMC,322,21.712829331498508,29.832032985167018,0.18356256681218547,0.18617033356935753,0.7260769603375703,,
inspected_2024Q1,random_forest,market,Lucknow APMC,314,40.10359402728119,62.89393424196357,0.11975662166376252,0.13417644838582757,0.7983295926333706,,
inspected_2024Q1,random_forest,market,Muradabad APMC,307,14.501212309411233,21.486532566149588,0.14504519528847779,0.1573139962286174,0.8127069858663767,,
inspected_2024Q1,random_forest,market,Muzzafarnagar APMC,327,48.06260060090953,86.93739973826503,0.3690005258381249,0.33385665013621185,0.49552870622911394,,
inspected_2024Q1,random_forest,market,Saharanpur APMC,320,16.691087241640012,23.525338416672113,0.10776264864266008,0.11234545997896488,0.8850351377125427,,
inspected_2024Q1,random_forest,market,Unnao APMC,340,3.199137501680981,5.05527579456546,0.12685514444993629,0.140520719871012,0.8740370951333847,,
inspected_2024Q1,random_forest,month,2024-01,1719,40.06626638442514,215.60486251523741,0.2667547351982259,0.24994071805503426,0.5119550241462144,,
inspected_2024Q1,random_forest,month,2024-02,1629,29.19981804595577,123.38971632503818,0.2098209954488485,0.21090325616569466,0.7368741192088458,,
inspected_2024Q1,random_forest,month,2024-03,1617,26.15322904995521,63.57875568874543,0.21668194245904956,0.2339710421579994,0.8840299587291257,,
inspected_2024Q1,log_lightgbm,overall,all,4965,29.810247060302437,149.8301585008431,0.21763876659756315,0.22062010338060778,0.646258919661014,4.307107700034976,0.5628305000718683
inspected_2024Q1,log_lightgbm,commodity,Onion,1288,9.218417857275428,19.17626129039865,0.17163709562253804,0.2218160043646939,0.9104081057856335,,
inspected_2024Q1,log_lightgbm,commodity,Potato,1289,24.225626568261124,46.97662388128213,0.15888437227432536,0.19302136141119056,0.9042755810521377,,
inspected_2024Q1,log_lightgbm,commodity,Rice,1193,40.78437769018233,113.66382863815541,0.24361109845657822,0.22777239937044552,0.7984915414638674,,
inspected_2024Q1,log_lightgbm,commodity,Wheat,1195,47.07276922456464,278.5625643223892,0.2621003887493879,0.24196049569458233,0.5147175272437785,,
inspected_2024Q1,log_lightgbm,market,Achalda APMC,298,9.620440810697866,19.206313911983443,0.3334176148849176,0.3212578597892643,0.7193283631912759,,
inspected_2024Q1,log_lightgbm,market,Auraiya APMC,310,9.301941062600223,15.273156319703187,0.24970140189865686,0.2752849959250826,0.7760105177259631,,
inspected_2024Q1,log_lightgbm,market,Bahraich APMC,307,63.71626837258822,162.55646874301266,0.19441079020381968,0.15423769773624293,0.8245464308288433,,
inspected_2024Q1,log_lightgbm,market,Basti APMC,296,12.24024738272251,19.314784460253545,0.17945976647114087,0.18233538582215716,0.7105534057288683,,
inspected_2024Q1,log_lightgbm,market,Bindki APMC,304,63.58306338652191,152.05312223152868,0.47295977772925935,0.3628804125734574,0.4592219275047089,,
inspected_2024Q1,log_lightgbm,market,Chandoli APMC,285,4.457390930119243,8.312475828739665,0.1229416834495291,0.1325838993856707,0.8777983069701532,,
inspected_2024Q1,log_lightgbm,market,Fatehpur APMC,318,12.695855304397858,24.61974689688245,0.45836534818330144,0.45588327576584486,0.24300292262698076,,
inspected_2024Q1,log_lightgbm,market,Gazipur APMC,294,7.515976830660151,11.306734326725925,0.1470337816957171,0.1435739155964859,0.8389659601997027,,
inspected_2024Q1,log_lightgbm,market,Ghaziabad APMC,319,123.27893777166015,532.8132652669733,0.25960313660863843,0.2108473434349186,0.3813433763820442,,
inspected_2024Q1,log_lightgbm,market,Kayamganj APMC,304,26.827778565077598,62.789734766848404,0.2150494979177996,0.24205056718018353,0.8966586695504785,,
inspected_2024Q1,log_lightgbm,market,Lakhimpur APMC,322,20.54977667011602,27.877024032068523,0.1737299960033963,0.18134657677058688,0.7608030266054041,,
inspected_2024Q1,log_lightgbm,market,Lucknow APMC,314,42.36041870785048,66.6512041553596,0.1264959103980471,0.14191849310765117,0.7735143706094926,,
inspected_2024Q1,log_lightgbm,market,Muradabad APMC,307,14.233463358430734,20.26992326186044,0.14236709513694443,0.15950308821021716,0.8333163062325577,,
inspected_2024Q1,log_lightgbm,market,Muzzafarnagar APMC,327,44.52402459895917,80.1038428496601,0.34183311522961235,0.3202886575977882,0.5717179550276916,,
inspected_2024Q1,log_lightgbm,market,Saharanpur APMC,320,15.091803720633777,20.801799618401997,0.097437196162594,0.103396210111946,0.9101133528007077,,
inspected_2024Q1,log_lightgbm,market,Unnao APMC,340,3.1428153166223067,5.048514721240254,0.12462180533350256,0.13856293944388562,0.87437380274879,,
inspected_2024Q1,log_lightgbm,month,2024-01,1719,37.796327835608686,216.07964514615418,0.2516418506909447,0.23940788654422382,0.5098032136110329,,
inspected_2024Q1,log_lightgbm,month,2024-02,1629,26.924473944744143,124.64893006675487,0.19347106602279812,0.1958333071938506,0.7314762240834614,,
inspected_2024Q1,log_lightgbm,month,2024-03,1617,24.227594959184945,60.34579665918959,0.20072788437863132,0.2256179337640163,0.895524173915747,,
inspected_2024Q1,selected_lightgbm_bundle,overall,all,4965,30.9451612916097,154.25858214162824,0.22592455279034718,0.22653569672325008,0.6250393525177098,9.29243200016208,1.231417200062424
inspected_2024Q1,selected_lightgbm_bundle,commodity,Onion,1288,9.730867945292568,19.887471536424425,0.18117836898642217,0.23582248923246568,0.9036392916783449,,
inspected_2024Q1,selected_lightgbm_bundle,commodity,Potato,1289,23.852646697144703,46.71370371100994,0.15643817454539105,0.19150497306195993,0.9053440891007383,,
inspected_2024Q1,selected_lightgbm_bundle,commodity,Rice,1193,42.60488100760868,120.40032993063072,0.25448523306446846,0.23046156435589887,0.7738981720274916,,
inspected_2024Q1,selected_lightgbm_bundle,commodity,Wheat,1195,49.820655451555375,285.682697239164,0.27740057312769545,0.2503931477372946,0.4895925819891632,,
inspected_2024Q1,selected_lightgbm_bundle,market,Achalda APMC,298,9.86758148504605,19.598531180804287,0.341982820555181,0.33031166276824864,0.7077479742203907,,
inspected_2024Q1,selected_lightgbm_bundle,market,Auraiya APMC,310,9.402179244866977,15.225102973150115,0.25239219669807955,0.28465518836455955,0.7774177595147505,,
inspected_2024Q1,selected_lightgbm_bundle,market,Bahraich APMC,307,66.87711345331542,174.765441449293,0.20405514643420433,0.15671504692017127,0.7972014660509734,,
inspected_2024Q1,selected_lightgbm_bundle,market,Basti APMC,296,12.797170476769887,19.994692551895568,0.1876250661807859,0.18816317821987166,0.6898168708119641,,
inspected_2024Q1,selected_lightgbm_bundle,market,Bindki APMC,304,66.14187937502979,157.13984637945742,0.4919934161970671,0.37228818766548133,0.4224347740049449,,
inspected_2024Q1,selected_lightgbm_bundle,market,Chandoli APMC,285,4.141176058220445,7.0185545977994055,0.1142199919280777,0.13036225563757478,0.9128812175404236,,
inspected_2024Q1,selected_lightgbm_bundle,market,Fatehpur APMC,318,14.150293378898237,26.27002906489254,0.510875714633247,0.4962751106523946,0.13811734339377923,,
inspected_2024Q1,selected_lightgbm_bundle,market,Gazipur APMC,294,7.561880395960468,11.74058429015747,0.1479317853686248,0.14169083541759672,0.8263708119534562,,
inspected_2024Q1,selected_lightgbm_bundle,market,Ghaziabad APMC,319,130.88479234308514,546.4294853719924,0.27561969011746484,0.21405983248868193,0.3493193958733226,,
inspected_2024Q1,selected_lightgbm_bundle,market,Kayamganj APMC,304,26.737934164465237,62.72303145128275,0.21432931181683165,0.2346145954781021,0.8968781177763914,,
inspected_2024Q1,selected_lightgbm_bundle,market,Lakhimpur APMC,322,21.027473758799523,28.407607399471452,0.17776849796086552,0.18504371928799276,0.751611104837382,,
inspected_2024Q1,selected_lightgbm_bundle,market,Lucknow APMC,314,42.01464610957753,67.1656745309564,0.12546337056620804,0.14202794691948348,0.770004461108761,,
inspected_2024Q1,selected_lightgbm_bundle,market,Muradabad APMC,307,14.304503414421074,20.463701923269323,0.14307765771437364,0.16277053773413988,0.8301141101540237,,
inspected_2024Q1,selected_lightgbm_bundle,market,Muzzafarnagar APMC,327,46.020259334386175,83.3431386104346,0.3533204546004949,0.333830706973247,0.5363792466169846,,
inspected_2024Q1,selected_lightgbm_bundle,market,Saharanpur APMC,320,15.91383883436617,21.9365258698679,0.10274450058504507,0.10726336695499712,0.9000393522841325,,
inspected_2024Q1,selected_lightgbm_bundle,market,Unnao APMC,340,3.1804708407146043,5.065862193212851,0.12611495682997825,0.13887716836836594,0.8735089776444291,,
inspected_2024Q1,selected_lightgbm_bundle,month,2024-01,1719,39.75357135625567,221.9736492578282,0.264672862167262,0.24632467927750307,0.4826962964130366,,
inspected_2024Q1,selected_lightgbm_bundle,month,2024-02,1629,28.000403217282702,129.28606951010013,0.2012023659453284,0.20337985602895223,0.7111255708357413,,
inspected_2024Q1,selected_lightgbm_bundle,month,2024-03,1617,24.547730247671705,62.01154674888249,0.20338023510849726,0.2288261132230956,0.8896767894702444,,
inspected_2024Q1,ablation_without_price,overall,all,4965,30.0312432038709,149.12665440509912,0.21925221609403206,0.22281881998097755,0.6495729929251495,3.019805100047961,0.4360982000362128
inspected_2024Q1,ablation_without_price,commodity,Onion,1288,9.349794589367502,19.36182580848124,0.17408319006930553,0.22388420693952105,0.9086657937624325,,
inspected_2024Q1,ablation_without_price,commodity,Potato,1289,24.18420727274906,47.6231164913831,0.15861272279814212,0.19185363512314896,0.9016227313541718,,
inspected_2024Q1,ablation_without_price,commodity,Rice,1193,41.60649778040038,115.1220638062199,0.24852174291369472,0.23142000435722332,0.7932879220115167,,
inspected_2024Q1,ablation_without_price,commodity,Wheat,1195,47.073298786211296,276.25446852264776,0.2621033373397458,0.24648467095861415,0.5227260556172293,,
inspected_2024Q1,ablation_without_price,market,Achalda APMC,298,9.306198944453898,18.784763964817532,0.3225268692733921,0.31372789072183127,0.7315138009704505,,
inspected_2024Q1,ablation_without_price,market,Auraiya APMC,310,9.28009323128303,15.192107453679547,0.2491149184892658,0.2771361107836484,0.778381465119577,,
inspected_2024Q1,ablation_without_price,market,Bahraich APMC,307,65.75621938074931,163.7465565483185,0.20063507950391776,0.15844263247674098,0.8219680100056965,,
inspected_2024Q1,ablation_without_price,market,Basti APMC,296,12.219310530791429,18.8592055830374,0.17915280187796637,0.18339511487733196,0.7240467576552192,,
inspected_2024Q1,ablation_without_price,market,Bindki APMC,304,64.1686178235218,155.1113770835174,0.4773153982612288,0.3665405339129781,0.43724975081322104,,
inspected_2024Q1,ablation_without_price,market,Chandoli APMC,285,4.443310925641805,8.942990068114646,0.12255333531480835,0.13257676162136067,0.8585568470418592,,
inspected_2024Q1,ablation_without_price,market,Fatehpur APMC,318,13.065828182891071,24.72584862616362,0.47172267962753867,0.4678172330732097,0.2364641250671825,,
inspected_2024Q1,ablation_without_price,market,Gazipur APMC,294,7.68385364112695,11.451975360508555,0.15031792730421023,0.14656771936714771,0.8348022520551108,,
inspected_2024Q1,ablation_without_price,market,Ghaziabad APMC,319,123.13730941479838,528.0667180891693,0.2593048929156067,0.21323428863531346,0.3923168384455702,,
inspected_2024Q1,ablation_without_price,market,Kayamganj APMC,304,27.061013192908728,62.85663826081743,0.216919089523771,0.24537673362288537,0.8964383284536703,,
inspected_2024Q1,ablation_without_price,market,Lakhimpur APMC,322,20.473231579463786,27.74481290370631,0.17308287567179528,0.18194786146095218,0.7630665042029028,,
inspected_2024Q1,ablation_without_price,market,Lucknow APMC,314,42.850127648779925,68.86669991329596,0.12795827031332938,0.14351044883469147,0.7582072942019963,,
inspected_2024Q1,ablation_without_price,market,Muradabad APMC,307,14.171258658708641,20.08278982895117,0.14174490627255573,0.1608766529058148,0.8363797719963464,,
inspected_2024Q1,ablation_without_price,market,Muzzafarnagar APMC,327,44.283516965686985,81.06355022010138,0.3399866183269075,0.32244029790239676,0.5613941646745506,,
inspected_2024Q1,ablation_without_price,market,Saharanpur APMC,320,15.668609457512058,22.25018434271847,0.10116122642248121,0.10591876267445392,0.8971603496871967,,
inspected_2024Q1,ablation_without_price,market,Unnao APMC,340,3.1278512987772795,4.926197475752906,0.12402843832621234,0.14090921452375219,0.8803874925975088,,
inspected_2024Q1,ablation_without_price,month,2024-01,1719,37.91099526645405,216.27066816808707,0.25240528793906586,0.24121687231331201,0.5089361235002319,,
inspected_2024Q1,ablation_without_price,month,2024-02,1629,27.364094284450875,121.03956597697005,0.19663004383394936,0.20004274513774656,0.7468019533859329,,
inspected_2024Q1,ablation_without_price,month,2024-03,1617,24.341380367850373,61.65547166367321,0.20167060710422777,0.22620532212095296,0.8909401207251568,,
inspected_2024Q1,ablation_without_seasonality,overall,all,4965,29.7471847695519,148.9274874049457,0.2171783611822709,0.22101857060981095,0.6505083976586434,2.123114800080657,0.4732498999219388
inspected_2024Q1,ablation_without_seasonality,commodity,Onion,1288,9.282261067503672,19.266781876410818,0.17282578801514278,0.2220983094912643,0.909560281294928,,
inspected_2024Q1,ablation_without_seasonality,commodity,Potato,1289,23.939358400291336,47.28223525436645,0.15700687539960717,0.19023459778063398,0.9030260391434805,,
inspected_2024Q1,ablation_without_seasonality,commodity,Rice,1193,41.210051589602294,115.35597051308375,0.2461537113906222,0.22910799263438955,0.792447067351423,,
inspected_2024Q1,ablation_without_seasonality,commodity,Wheat,1195,46.62577037783213,275.780572967188,0.2596115066753335,0.2449843922183254,0.5243621124439648,,
inspected_2024Q1,ablation_without_seasonality,market,Achalda APMC,298,9.407358188934149,18.96130748866736,0.32603276621531385,0.3157892062272247,0.7264434966046058,,
inspected_2024Q1,ablation_without_seasonality,market,Auraiya APMC,310,9.22697672152388,15.155406057942791,0.24768905835302493,0.2751150440980084,0.7794509526527922,,
inspected_2024Q1,ablation_without_seasonality,market,Bahraich APMC,307,66.02221831991696,167.65156727137105,0.20144669426538747,0.15794008515277794,0.8133753827912802,,
inspected_2024Q1,ablation_without_seasonality,market,Basti APMC,296,12.414132342843384,19.076888195497737,0.1820091719986944,0.18518587305640066,0.7176396051283722,,
inspected_2024Q1,ablation_without_seasonality,market,Bindki APMC,304,63.31226303261865,152.40681198608235,0.4709454413892107,0.3624517137778582,0.45670320096838135,,
inspected_2024Q1,ablation_without_seasonality,market,Chandoli APMC,285,4.312062926414157,8.334020462801996,0.11893331404510159,0.13155545148617054,0.8771640308043349,,
inspected_2024Q1,ablation_without_seasonality,market,Fatehpur APMC,318,12.921246311287932,24.68845399979225,0.46650276191979595,0.46393504534774793,0.23877187583437587,,
inspected_2024Q1,ablation_without_seasonality,market,Gazipur APMC,294,7.640521623063926,11.53033733943147,0.1494702303743417,0.1456033425541778,0.8325337329718085,,
inspected_2024Q1,ablation_without_seasonality,market,Ghaziabad APMC,319,120.70531719936777,527.0469179965808,0.25418355735946346,0.20965265798841967,0.39466168210813735,,
inspected_2024Q1,ablation_without_seasonality,market,Kayamganj APMC,304,26.371079307518652,61.88358510494095,0.21138863029138605,0.24163516101570326,0.8996198863764887,,
inspected_2024Q1,ablation_without_seasonality,market,Lakhimpur APMC,322,19.945267100412455,27.308125615993543,0.16861940785372848,0.17687131759777322,0.7704662008422845,,
inspected_2024Q1,ablation_without_seasonality,market,Lucknow APMC,314,43.20129811251475,68.9476086572891,0.12900692915264364,0.14406422170441893,0.7576388152088963,,
inspected_2024Q1,ablation_without_seasonality,market,Muradabad APMC,307,14.342058850344017,20.20888788551408,0.1434532977244197,0.16088697543458852,0.8343186075071132,,
inspected_2024Q1,ablation_without_seasonality,market,Muzzafarnagar APMC,327,43.69806150015459,79.99387664070281,0.33549178508993593,0.3182577416551685,0.5728930353784909,,
inspected_2024Q1,ablation_without_seasonality,market,Saharanpur APMC,320,15.693724545422338,22.203726123941735,0.10132337693759882,0.10588213468194474,0.8975893581798579,,
inspected_2024Q1,ablation_without_seasonality,market,Unnao APMC,340,3.0377033445649158,4.806114937940452,0.12045380868073234,0.1375779317201392,0.8861478424252793,,
inspected_2024Q1,ablation_without_seasonality,month,2024-01,1719,37.67001084480849,216.5799237415512,0.2508008525527942,0.23793577908174976,0.5075307288535833,,
inspected_2024Q1,ablation_without_seasonality,month,2024-02,1629,27.064794145807916,120.40049053709369,0.1944793642328228,0.1995777957326268,0.7494686099508646,,
inspected_2024Q1,ablation_without_seasonality,month,2024-03,1617,24.0268856370305,60.26825446592534,0.19906498892082786,0.22463411848344736,0.8957924968219024,,
inspected_2024Q1,prespecified_log_full,overall,all,4965,29.946173779775677,149.43716515282358,0.2186311409148228,0.22306159460792513,0.6481121590367871,3.0076218000613153,0.43017440009862185
inspected_2024Q1,prespecified_log_full,commodity,Onion,1288,9.321086983066541,19.279031197341176,0.1735486850984896,0.2238786737765881,0.9094452462766625,,
inspected_2024Q1,prespecified_log_full,commodity,Potato,1289,24.38330464656868,47.929024222279466,0.1599185078589191,0.19443999487820293,0.9003548167348141,,
inspected_2024Q1,prespecified_log_full,commodity,Rice,1193,41.24695292171459,114.81134467732876,0.24637412848558624,0.23031560694697026,0.7944022647501192,,
inspected_2024Q1,prespecified_log_full,commodity,Wheat,1195,46.894977621225095,277.02880104314306,0.2611104480868922,0.24581206101955116,0.5200467383701438,,
inspected_2024Q1,prespecified_log_full,market,Achalda APMC,298,9.522333464741996,19.19226460666518,0.3300174882238896,0.3157246277148575,0.7197388323014666,,
inspected_2024Q1,prespecified_log_full,market,Auraiya APMC,310,9.347466398913241,15.287901155854133,0.250923484496554,0.27721489975220553,0.7755778262287677,,
inspected_2024Q1,prespecified_log_full,market,Bahraich APMC,307,65.50624590432395,164.7238792108699,0.1998723615619681,0.15855769946268947,0.8198364971781908,,
inspected_2024Q1,prespecified_log_full,market,Basti APMC,296,12.213625921629436,19.175364224041747,0.17906945726892431,0.18289647344161997,0.7147169588944526,,
inspected_2024Q1,prespecified_log_full,market,Bindki APMC,304,64.02838961414164,153.81573350644308,0.4762723169875784,0.3655321908233599,0.44661177928991713,,
inspected_2024Q1,prespecified_log_full,market,Chandoli APMC,285,4.574281754474656,9.06944859235192,0.12616571179960098,0.1351744755548166,0.854528405590088,,
inspected_2024Q1,prespecified_log_full,market,Fatehpur APMC,318,12.90174461247637,24.563736571852882,0.46579868151311143,0.46728979440707114,0.24644336598960137,,
inspected_2024Q1,prespecified_log_full,market,Gazipur APMC,294,7.726083268087231,11.627635160438322,0.15114405834365677,0.14769349884032232,0.82969550705902,,
inspected_2024Q1,prespecified_log_full,market,Ghaziabad APMC,319,121.85751475845666,529.6189460072204,0.25660987693796533,0.21021801946131372,0.38873907421549936,,
inspected_2024Q1,prespecified_log_full,market,Kayamganj APMC,304,27.257708849495394,64.1118374434769,0.21849578742624423,0.24740049835798664,0.8922609357391773,,
inspected_2024Q1,prespecified_log_full,market,Lakhimpur APMC,322,20.863739084271504,28.019754000306136,0.1763842676206528,0.18423235105436225,0.758347386002617,,
inspected_2024Q1,prespecified_log_full,market,Lucknow APMC,314,42.84122861547604,68.47572704954565,0.12793169618224723,0.14359222028721527,0.7609449319712744,,
inspected_2024Q1,prespecified_log_full,market,Muradabad APMC,307,14.22796145815352,20.168421890571086,0.1423120635862617,0.1610073457511044,0.8349814594134395,,
inspected_2024Q1,prespecified_log_full,market,Muzzafarnagar APMC,327,43.818208550754015,79.5110852071452,0.3364142138452424,0.3200706489799796,0.5780329619944495,,
inspected_2024Q1,prespecified_log_full,market,Saharanpur APMC,320,15.531999074724837,21.886871939739777,0.10027922895472414,0.10592237241165121,0.9004913674852848,,
inspected_2024Q1,prespecified_log_full,market,Unnao APMC,340,3.186086907176329,5.038728839382034,0.1263376502659022,0.14214571792940076,0.8748603504615493,,
inspected_2024Q1,prespecified_log_full,month,2024-01,1719,38.053463073260154,216.9508723604501,0.2533538156035654,0.24305327441941518,0.505842324530032,,
inspected_2024Q1,prespecified_log_full,month,2024-02,1629,27.201277832904758,121.42664468818553,0.19546009442244652,0.19960952940667392,0.7451799336021232,,
inspected_2024Q1,prespecified_log_full,month,2024-03,1617,24.09274471481147,60.64847524514255,0.19961063752409916,0.22543495058621005,0.8944734992256888,,
inspected_2024Q1,existing_lightgbm_bundle,overall,all,4965,31.241811793378048,155.37362871169242,0.2280903399166601,0.22773191552632266,0.6195990110448728,11.558866300387308,1.7674687001854181
inspected_2024Q1,existing_lightgbm_bundle,commodity,Onion,1288,9.730867945292568,19.887471536424425,0.18117836898642217,0.23582248923246568,0.9036392916783449,,
inspected_2024Q1,existing_lightgbm_bundle,commodity,Potato,1289,23.852646697144703,46.71370371100994,0.15643817454539105,0.19150497306195993,0.9053440891007383,,
inspected_2024Q1,existing_lightgbm_bundle,commodity,Rice,1193,42.60488100760868,120.40032993063072,0.25448523306446846,0.23046156435589887,0.7738981720274916,,
inspected_2024Q1,existing_lightgbm_bundle,commodity,Wheat,1195,51.05318243170587,288.18235590758945,0.28426326266058516,0.25536321163457953,0.48062160815574073,,
inspected_2024Q1,existing_lightgbm_bundle,market,Achalda APMC,298,9.940538651774137,19.71910790902011,0.3445113122322141,0.3322460055308836,0.7041408474223794,,
inspected_2024Q1,existing_lightgbm_bundle,market,Auraiya APMC,310,9.469595418651465,15.250246764779883,0.2542019171630171,0.2864036488738702,0.7766819769377618,,
inspected_2024Q1,existing_lightgbm_bundle,market,Bahraich APMC,307,66.97662256077524,174.73400600825772,0.20435876817332774,0.15748183213060504,0.7972744151186499,,
inspected_2024Q1,existing_lightgbm_bundle,market,Basti APMC,296,12.784525737137832,20.21675740573432,0.1874396759717073,0.18834243957879457,0.6828887049967678,,
inspected_2024Q1,existing_lightgbm_bundle,market,Bindki APMC,304,66.19604476062138,156.98473026467875,0.49239632299906066,0.37337758461484455,0.42357446528002085,,
inspected_2024Q1,existing_lightgbm_bundle,market,Chandoli APMC,285,4.1580519189585035,7.025442092342459,0.11468545406979322,0.13116665760797575,0.912710149682163,,
inspected_2024Q1,existing_lightgbm_bundle,market,Fatehpur APMC,318,14.28807849374869,26.47568535501629,0.5158502453465127,0.49884163996847897,0.12456993536550964,,
inspected_2024Q1,existing_lightgbm_bundle,market,Gazipur APMC,294,7.565881468015546,11.738704481209652,0.14801005766354397,0.14186694264957384,0.8264264077506951,,
inspected_2024Q1,existing_lightgbm_bundle,market,Ghaziabad APMC,319,133.53410282943196,551.1129677759221,0.2811986586301534,0.21571799652237364,0.3381175438786028,,
inspected_2024Q1,existing_lightgbm_bundle,market,Kayamganj APMC,304,26.748076241234138,62.72579001683038,0.21441060995755193,0.23583437045108266,0.8968690469543854,,
inspected_2024Q1,existing_lightgbm_bundle,market,Lakhimpur APMC,322,21.20044527828691,28.629787849021046,0.17923081757005843,0.18620361406266725,0.7477105320501019,,
inspected_2024Q1,existing_lightgbm_bundle,market,Lucknow APMC,314,42.097149336398054,67.11239524775618,0.12570974019865705,0.1424942595433757,0.7703692050731437,,
inspected_2024Q1,existing_lightgbm_bundle,market,Muradabad APMC,307,14.274777897657673,20.439184104875928,0.14278033475323057,0.16205699553739272,0.8305209511256542,,
inspected_2024Q1,existing_lightgbm_bundle,market,Muzzafarnagar APMC,327,47.056945430913714,84.73752323616633,0.3612796101593911,0.33789160271632157,0.5207361221599149,,
inspected_2024Q1,existing_lightgbm_bundle,market,Saharanpur APMC,320,16.133095336872703,22.39732041137381,0.10416008610683691,0.10828055278410302,0.8957957360583697,,
inspected_2024Q1,existing_lightgbm_bundle,market,Unnao APMC,340,3.201960192851586,5.079220463151672,0.12696707239801494,0.13961220611128913,0.8728410048651316,,
inspected_2024Q1,existing_lightgbm_bundle,month,2024-01,1719,40.06474666397808,222.67579437461694,0.26674461714476055,0.247718580847728,0.4794184592341787,,
inspected_2024Q1,existing_lightgbm_bundle,month,2024-02,1629,28.30405290817256,131.73399947113768,0.20338430010361572,0.204078428376283,0.7000827882088099,,
inspected_2024Q1,existing_lightgbm_bundle,month,2024-03,1617,24.821888590804317,62.68917413784544,0.20565166255701076,0.23031351903895023,0.8872525156073221,,
later_2024Q2,rolling_mean,overall,all,4801,63.31714323412879,179.6928143218935,0.3350708106671341,0.3364713054608157,0.7276635851539901,0.0,0.0003301000688225031
later_2024Q2,rolling_mean,commodity,Onion,1253,11.405425094781915,19.10044139345956,0.22774607119654341,0.2937605133780182,0.8503572700348861,,
later_2024Q2,rolling_mean,commodity,Potato,1254,25.301750769826253,45.86720320438576,0.20402505568122203,0.2963553682263598,0.8931035714930577,,
later_2024Q2,rolling_mean,commodity,Rice,1147,32.88228337526525,72.57905434712777,0.31870620411701983,0.32362734130297605,0.7284388954649117,,
later_2024Q2,rolling_mean,commodity,Wheat,1147,192.02287055492522,356.63417120484604,0.3859806246281477,0.4398314054266353,0.6080071400515457,,
later_2024Q2,rolling_mean,market,Achalda APMC,302,19.130802180830976,44.52180421967576,0.43271984321062307,0.42719243028462683,0.5481009448219095,,
later_2024Q2,rolling_mean,market,Auraiya APMC,318,72.08805306149304,189.0935523832829,0.5152792490993131,0.334186045144626,0.506673490346413,,
later_2024Q2,rolling_mean,market,Bahraich APMC,324,176.47592261110344,382.01918136350145,0.3373739169885185,0.25936310668057927,0.7073939953190747,,
later_2024Q2,rolling_mean,market,Basti APMC,296,91.00191228519762,203.6959488004162,0.7096516240268642,0.5623624789544018,0.32645098747945145,,
later_2024Q2,rolling_mean,market,Bindki APMC,293,120.61694839439072,282.84492265747673,0.3959301622871207,0.4623684921429424,0.7303131217653691,,
later_2024Q2,rolling_mean,market,Chandoli APMC,318,13.460754944961785,25.839283307779194,0.42573176910814536,0.3349940064783836,0.2497902677979058,,
later_2024Q2,rolling_mean,market,Fatehpur APMC,287,42.86949420896388,97.16221183878567,0.5588633740159177,0.64920615231646,0.5775115946453235,,
later_2024Q2,rolling_mean,market,Gazipur APMC,138,16.669465414337814,25.327099732573977,0.2878001034878792,0.2899018302996044,0.34473046044482725,,
later_2024Q2,rolling_mean,market,Ghaziabad APMC,318,52.037076289376664,88.82485002050223,0.15794397499304932,0.1767188265675002,0.9101597645754694,,
later_2024Q2,rolling_mean,market,Kayamganj APMC,317,28.24947628519395,52.64175494794865,0.2923345406067471,0.3609320496915157,0.8247418604837923,,
later_2024Q2,rolling_mean,market,Lakhimpur APMC,316,137.22905441166998,361.1660374886603,0.3734027467996841,0.25003441328332404,0.6174489302670143,,
later_2024Q2,rolling_mean,market,Lucknow APMC,314,25.25630250825003,43.333163181856264,0.0934558790873048,0.10022282415201303,0.9256381427864719,,
later_2024Q2,rolling_mean,market,Muradabad APMC,314,31.228556798423387,48.41781702322681,0.22075862162623555,0.23283455770715747,0.4691734838991847,,
later_2024Q2,rolling_mean,market,Muzzafarnagar APMC,301,48.17691534889783,89.25042566554308,0.37337599373859365,0.31687284101313984,0.5343023685119161,,
later_2024Q2,rolling_mean,market,Saharanpur APMC,308,67.75475321858015,125.73530971393238,0.34197702491392895,0.30737757128732307,0.7073878313957,,
later_2024Q2,rolling_mean,market,Unnao APMC,337,44.42404387273778,106.70349572788973,0.4685200661306592,0.3472934246967468,0.6639407360625866,,
later_2024Q2,rolling_mean,month,2024-04,1577,75.27070910847529,236.5692084895004,0.4156304228302783,0.3658105757961766,0.5452318383189944,,
later_2024Q2,rolling_mean,month,2024-05,1678,60.953319915220554,156.89103961973802,0.2917809559464349,0.3178764062508304,0.8196620241148646,,
later_2024Q2,rolling_mean,month,2024-06,1546,53.689537894726215,128.33268578423812,0.30617798696352455,0.32672629353034416,0.8244932581955028,,
later_2024Q2,weekly_seasonal,overall,all,4801,72.6747450850863,203.80429660652507,0.3845907207254033,0.37750316779839377,0.649675132934981,0.0,0.00040030013769865036
later_2024Q2,weekly_seasonal,commodity,Onion,1253,12.816059034075794,21.20932632045096,0.25591392420516706,0.33089100269832283,0.8154888720934714,,
later_2024Q2,weekly_seasonal,commodity,Potato,1254,27.767773139130018,48.42236743736282,0.22391025476429696,0.3245893190927979,0.8808618877875966,,
later_2024Q2,weekly_seasonal,commodity,Rice,1147,36.670219413542576,84.87515670746583,0.3554201604569721,0.3506733195013972,0.6286305846010325,,
later_2024Q2,weekly_seasonal,commodity,Wheat,1147,223.16599825632085,404.4742946506964,0.4485806880910076,0.5131028584207663,0.49578692553408754,,
later_2024Q2,weekly_seasonal,market,Achalda APMC,302,23.17858719646799,49.20681895844142,0.524276740865015,0.5027803802498857,0.4479905622019674,,
later_2024Q2,weekly_seasonal,market,Auraiya APMC,318,84.63099151896321,217.1211500782858,0.6049351023979299,0.3893715977909623,0.34959289982713226,,
later_2024Q2,weekly_seasonal,market,Bahraich APMC,324,197.60075930398997,433.4218940783155,0.37775885333208686,0.2923495056287632,0.6233529360002503,,
later_2024Q2,weekly_seasonal,market,Basti APMC,296,106.62302927927928,235.29371011106593,0.8314683063974706,0.629594067408823,0.10127865607332853,,
later_2024Q2,weekly_seasonal,market,Bindki APMC,293,143.2377701956769,316.8409543066817,0.4701839530360482,0.5071482853805411,0.661588068083818,,
later_2024Q2,weekly_seasonal,market,Chandoli APMC,318,15.402646750524108,29.223128282808347,0.4871492035075505,0.3743085173937917,0.04043328376709532,,
later_2024Q2,weekly_seasonal,market,Fatehpur APMC,287,48.07629020855426,107.3169697825603,0.6267411886213257,0.7003750194227859,0.4845852865084199,,
later_2024Q2,weekly_seasonal,market,Gazipur APMC,138,19.43719806763285,28.66189503597311,0.3355853038074982,0.33960754489535705,0.1608127797708413,,
later_2024Q2,weekly_seasonal,market,Ghaziabad APMC,318,61.994234800838576,105.97796288074329,0.18816614170723173,0.200071797920823,0.8721110416704576,,
later_2024Q2,weekly_seasonal,market,Kayamganj APMC,317,26.25090813497754,47.682459573556876,0.2716527234938752,0.3726000190280539,0.8562079825005495,,
later_2024Q2,weekly_seasonal,market,Lakhimpur APMC,316,159.3106540084388,408.90845117198717,0.43348717992875985,0.286109670473313,0.5096256053970396,,
later_2024Q2,weekly_seasonal,market,Lucknow APMC,314,29.391188959660294,50.22795479992067,0.10875619662652115,0.11469898044748855,0.9000919614324621,,
later_2024Q2,weekly_seasonal,market,Muradabad APMC,314,35.8036093418259,54.87600644805697,0.25310024726934344,0.26332705019300784,0.31812118767015796,,
later_2024Q2,weekly_seasonal,market,Muzzafarnagar APMC,301,52.88889811738649,97.49618050440532,0.4098943394218407,0.35375289898580253,0.4442766547767678,,
later_2024Q2,weekly_seasonal,market,Saharanpur APMC,308,77.55952380952382,145.2344074207128,0.3914644205190393,0.3405859965000043,0.6095936210102495,,
later_2024Q2,weekly_seasonal,market,Unnao APMC,337,51.66745796241346,123.1583371356448,0.5449130405755012,0.409275303248124,0.5523009121532221,,
later_2024Q2,weekly_seasonal,month,2024-04,1577,85.59036228103342,266.5368944195507,0.4726135688956475,0.4131701257767754,0.4227176428138706,,
later_2024Q2,weekly_seasonal,month,2024-05,1678,71.89940395489249,182.33930918950028,0.3441793957591933,0.36164847136581724,0.7564144511592528,,
later_2024Q2,weekly_seasonal,month,2024-06,1546,60.341688227684344,142.95133538074714,0.3441135341443828,0.3583294212796071,0.7822311937814327,,
later_2024Q2,random_forest,overall,all,4801,38.71204755022511,112.17200885733801,0.20486200881291305,0.22713713402232324,0.8938760784391317,102.82123839994892,0.08891869988292456
later_2024Q2,random_forest,commodity,Onion,1253,8.278234053124658,13.905888551914629,0.16530162325182746,0.2250582357987138,0.9206829954676065,,
later_2024Q2,random_forest,commodity,Potato,1254,19.999766752468588,41.49536726495895,0.16127158797841076,0.20988363463515172,0.9125101036496271,,
later_2024Q2,random_forest,commodity,Rice,1147,25.56633806415773,64.44656486326834,0.24779758949858685,0.2389704318174636,0.7858862771528005,,
later_2024Q2,random_forest,commodity,Wheat,1147,105.56200152823108,215.45242085786373,0.21218767935879626,0.23643787956257573,0.856934470428784,,
later_2024Q2,random_forest,market,Achalda APMC,302,13.893426220021455,34.28452159326112,0.314255573747452,0.32882203654922354,0.7320263389529038,,
later_2024Q2,random_forest,market,Auraiya APMC,318,41.506290085538026,103.27567390141951,0.2966834181238094,0.25227267476065923,0.8528443005969919,,
later_2024Q2,random_forest,market,Bahraich APMC,324,72.35495472282832,173.13157672140784,0.13832297418929396,0.12484167786033734,0.9399012466432761,,
later_2024Q2,random_forest,market,Basti APMC,296,43.897255504903185,118.68779159145029,0.34231982468399075,0.32877616010862376,0.7713261421543415,,
later_2024Q2,random_forest,market,Bindki APMC,293,98.6074689386294,259.18215556191245,0.32368312827759604,0.354576516694263,0.7735495245738548,,
later_2024Q2,random_forest,market,Chandoli APMC,318,5.283657283231838,13.8828086356019,0.16710955453455908,0.14611238435512436,0.7834408984416171,,
later_2024Q2,random_forest,market,Fatehpur APMC,287,39.10894834085807,90.10238051791244,0.5098394377467609,0.5345965018122161,0.6366772941706338,,
later_2024Q2,random_forest,market,Gazipur APMC,138,9.40267306749342,15.50577082843216,0.1623381563010249,0.1593516141842764,0.7543958047539225,,
later_2024Q2,random_forest,market,Ghaziabad APMC,318,63.85410663630482,111.37680031709462,0.19381126191032674,0.18648195472692825,0.8587490459535005,,
later_2024Q2,random_forest,market,Kayamganj APMC,317,20.404611371456852,44.25955555522433,0.21115339028994293,0.23183613563903274,0.8761113342401431,,
later_2024Q2,random_forest,market,Lakhimpur APMC,316,77.37172487278319,194.5692022760341,0.21052986713336852,0.18434471269449734,0.8889742262163234,,
later_2024Q2,random_forest,market,Lucknow APMC,314,22.88765245058559,41.825490434449236,0.08469116488114115,0.08931254785470721,0.9307226083987806,,
later_2024Q2,random_forest,market,Muradabad APMC,314,19.844347437818,31.41547093413203,0.14028220438499392,0.15511479523239685,0.7765247931550527,,
later_2024Q2,random_forest,market,Muzzafarnagar APMC,301,33.69304546413628,72.64182239555481,0.26112452906429806,0.2328089879765865,0.6914987707060325,,
later_2024Q2,random_forest,market,Saharanpur APMC,308,33.2670180420943,67.47359288772353,0.16790786354268133,0.1737785965993523,0.9157353262093293,,
later_2024Q2,random_forest,market,Unnao APMC,337,11.578857298468664,29.61344016601169,0.12211691044464286,0.16623693395112932,0.9741157074083342,,
later_2024Q2,random_forest,month,2024-04,1577,39.11113369711196,113.47313611617172,0.2159641808671606,0.2383453490253332,0.8953691546424412,,
later_2024Q2,random_forest,month,2024-05,1678,43.627265391108224,127.73608477196197,0.2088418681517573,0.22090750105830764,0.8804586626256466,,
later_2024Q2,random_forest,month,2024-06,1546,32.97007187710582,90.72111738176946,0.18802006188186157,0.22246570391486628,0.9122926441579304,,
later_2024Q2,log_lightgbm,overall,all,4801,38.272212406081785,118.21275453426547,0.20253442562169033,0.2184544795795576,0.8821382272327443,4.307107700034976,0.5302638998255134
later_2024Q2,log_lightgbm,commodity,Onion,1253,8.013970414657281,13.473504370691575,0.16002474799984023,0.21874285383025802,0.9255388137599527,,
later_2024Q2,log_lightgbm,commodity,Potato,1254,19.790556251049225,41.18719360206172,0.15958458281463828,0.200069915925071,0.9138048005732915,,
later_2024Q2,log_lightgbm,commodity,Rice,1147,23.89031618849846,61.70468737593805,0.23155301901324582,0.22389506863868,0.8037176412262048,,
later_2024Q2,log_lightgbm,commodity,Wheat,1147,105.91441728422808,229.41588979814279,0.21289606192403665,0.23279846757937023,0.8377893966496339,,
later_2024Q2,log_lightgbm,market,Achalda APMC,302,13.4311263867828,35.752451385605205,0.30379880829326866,0.3247128730239934,0.7085879058797317,,
later_2024Q2,log_lightgbm,market,Auraiya APMC,318,41.7010012451399,109.24294147204058,0.2980751968700785,0.2493344801448396,0.8353477071070221,,
later_2024Q2,log_lightgbm,market,Bahraich APMC,324,85.28379845197813,204.54645868386368,0.1630394034137375,0.13757612829213903,0.9161125824581611,,
later_2024Q2,log_lightgbm,market,Basti APMC,296,28.793738659456874,63.706575827997554,0.22453949470260082,0.2860106744248606,0.9341170638120382,,
later_2024Q2,log_lightgbm,market,Bindki APMC,293,102.1263998179555,276.41098048748603,0.33523416561252445,0.3437197121107554,0.7424428416533888,,
later_2024Q2,log_lightgbm,market,Chandoli APMC,318,4.951584532502709,14.100192192623856,0.15660688063413014,0.13726808960296202,0.7766058319683697,,
later_2024Q2,log_lightgbm,market,Fatehpur APMC,287,37.13667461569682,87.55052090032548,0.4841281115726329,0.5006295319321686,0.6569657546603649,,
later_2024Q2,log_lightgbm,market,Gazipur APMC,138,9.221080121875325,14.829220451166416,0.15920293467018576,0.15952586094438728,0.7753607182130153,,
later_2024Q2,log_lightgbm,market,Ghaziabad APMC,318,50.61062975075259,82.6571101275443,0.15361439592191775,0.16698993342089932,0.9222030895384267,,
later_2024Q2,log_lightgbm,market,Kayamganj APMC,317,19.911983674386114,42.802094139932635,0.20605552263181529,0.225866607986094,0.8841362676432171,,
later_2024Q2,log_lightgbm,market,Lakhimpur APMC,316,86.79338822401463,231.34819884295317,0.2361663840492248,0.1776785126969102,0.8430331809582696,,
later_2024Q2,log_lightgbm,market,Lucknow APMC,314,24.44902303621526,44.74695476754919,0.09046870340299785,0.09241216177708518,0.9207067144830386,,
later_2024Q2,log_lightgbm,market,Muradabad APMC,314,20.434786365094165,32.70738545594829,0.1444560919130445,0.1586033120389869,0.7577666934858811,,
later_2024Q2,log_lightgbm,market,Muzzafarnagar APMC,301,31.946793987749,72.11873589912436,0.24759090252154964,0.22166122462189475,0.6959257469872011,,
later_2024Q2,log_lightgbm,market,Saharanpur APMC,308,29.623412765084943,56.175886141406856,0.1495175774977658,0.16456370807303236,0.9415912738418528,,
later_2024Q2,log_lightgbm,market,Unnao APMC,337,12.397626461118344,30.03984172176283,0.1307520942052502,0.16345600374212382,0.9733649291301493,,
later_2024Q2,log_lightgbm,month,2024-04,1577,41.8710443794058,131.92278704838296,0.23120387845261128,0.23561867204963738,0.8585792115900501,,
later_2024Q2,log_lightgbm,month,2024-05,1678,41.57022566455453,127.34680950636672,0.19899490626898453,0.21043236638506477,0.8811861560210894,,
later_2024Q2,log_lightgbm,month,2024-06,1546,31.021614560254324,89.67531693776638,0.17690849783510634,0.20965316936936554,0.9143031068021102,,
later_2024Q2,selected_lightgbm_bundle,overall,all,4801,37.4235184853231,116.86938455841187,0.19804318445837138,0.21900159204137185,0.8848017693363834,9.29243200016208,1.1506533999927342
later_2024Q2,selected_lightgbm_bundle,commodity,Onion,1253,8.149645976310577,13.817510415185913,0.16273394786456594,0.2233692957732234,0.9216879817446637,,
later_2024Q2,selected_lightgbm_bundle,commodity,Potato,1254,19.40225537114534,41.50072078962201,0.15645345132242802,0.2007783961899163,0.9124875271760239,,
later_2024Q2,selected_lightgbm_bundle,commodity,Rice,1147,24.19436096690547,63.757974848147775,0.23449992376745124,0.22502044374959054,0.7904373006777289,,
later_2024Q2,selected_lightgbm_bundle,commodity,Wheat,1147,102.33430302987115,225.8618739692844,0.20569975904540866,0.2281345754000365,0.8427762666549898,,
later_2024Q2,selected_lightgbm_bundle,market,Achalda APMC,302,13.473229801306069,35.46880458081642,0.30475114592965885,0.3126057050619743,0.7131934764998233,,
later_2024Q2,selected_lightgbm_bundle,market,Auraiya APMC,318,40.62159138658001,106.29584257791403,0.29035966735071855,0.25015777766032,0.8441116825106373,,
later_2024Q2,selected_lightgbm_bundle,market,Bahraich APMC,324,77.68870790314261,193.71206105286208,0.1485196581112024,0.1303065660149975,0.9247639097187657,,
later_2024Q2,selected_lightgbm_bundle,market,Basti APMC,296,27.277418508944393,60.034670324171366,0.21271491837959455,0.2933417327024223,0.9414928853801418,,
later_2024Q2,selected_lightgbm_bundle,market,Bindki APMC,293,105.47048623093953,285.75755540742307,0.3462112686964597,0.3562300014538636,0.7247302517242394,,
later_2024Q2,selected_lightgbm_bundle,market,Chandoli APMC,318,5.029729580135596,13.690443483355045,0.15907842324164498,0.14002907216712307,0.7894007598251316,,
later_2024Q2,selected_lightgbm_bundle,market,Fatehpur APMC,287,36.39643468534299,85.26309153495342,0.47447805638321694,0.5170752824859665,0.6746564804221571,,
later_2024Q2,selected_lightgbm_bundle,market,Gazipur APMC,138,9.597094520838345,15.623053964724695,0.16569486349001522,0.16045148392893221,0.7506663327179135,,
later_2024Q2,selected_lightgbm_bundle,market,Ghaziabad APMC,318,51.366392184063216,82.78441263419555,0.15590830117907895,0.16638564370667674,0.9219632706478372,,
later_2024Q2,selected_lightgbm_bundle,market,Kayamganj APMC,317,20.455347911934872,45.08223264990309,0.21167842810313567,0.23224398829003493,0.8714629552974591,,
later_2024Q2,selected_lightgbm_bundle,market,Lakhimpur APMC,316,84.45240833874267,222.44548570959714,0.22979653530902228,0.17835828671617623,0.8548814917913848,,
later_2024Q2,selected_lightgbm_bundle,market,Lucknow APMC,314,22.30219854669334,41.7074733373104,0.08252481019658381,0.08687827317647644,0.9311130106038455,,
later_2024Q2,selected_lightgbm_bundle,market,Muradabad APMC,314,19.574256771447686,31.931924165236104,0.1383728992702269,0.1542043368051991,0.769116776347737,,
later_2024Q2,selected_lightgbm_bundle,market,Muzzafarnagar APMC,301,32.64242092692922,74.16194396582821,0.2529820820482333,0.22155682469014717,0.6784521223685587,,
later_2024Q2,selected_lightgbm_bundle,market,Saharanpur APMC,308,30.447054276198564,59.38792308363884,0.15367472456400305,0.16642343736063642,0.9347209018672111,,
later_2024Q2,selected_lightgbm_bundle,market,Unnao APMC,337,9.81573843767586,24.552021633726014,0.10352210247035591,0.1555886071345026,0.9822076590298403,,
later_2024Q2,selected_lightgbm_bundle,month,2024-04,1577,39.61247306051557,126.07333546244092,0.21873248070199558,0.23162766351848554,0.870842358983628,,
later_2024Q2,selected_lightgbm_bundle,month,2024-05,1678,40.46205475600158,127.95062811313996,0.1936901391537668,0.21174624049598292,0.8800567662322137,,
later_2024Q2,selected_lightgbm_bundle,month,2024-06,1546,31.892700097692437,91.83159006589273,0.18187608047380957,0.21399717106708607,0.9101323375430429,,
later_2024Q2,ablation_without_price,overall,all,4801,38.576034099321916,120.73760451925357,0.20414223317352187,0.22004603080684138,0.877049753211455,3.019805100047961,0.4045242997817695
later_2024Q2,ablation_without_price,commodity,Onion,1253,8.070563996887335,13.51282870805152,0.16115482126766872,0.22064820756212972,0.9251035283555089,,
later_2024Q2,ablation_without_price,commodity,Potato,1254,19.70856164216584,41.59271435877762,0.15892340506471975,0.19896020727051053,0.91209912392286,,
later_2024Q2,ablation_without_price,commodity,Rice,1147,23.950528455646424,62.18203402736569,0.23213661665715044,0.22625647594699635,0.800669019110684,,
later_2024Q2,ablation_without_price,commodity,Wheat,1147,107.15373198329752,234.64855741101118,0.21538717905125845,0.2362306120312745,0.8303053980689366,,
later_2024Q2,ablation_without_price,market,Achalda APMC,302,12.922408267608292,35.39415063723455,0.2922921070746356,0.31888336425285946,0.7143995337848389,,
later_2024Q2,ablation_without_price,market,Auraiya APMC,318,40.18048395760559,106.07754175980341,0.28720666910591675,0.24602693761139172,0.8447513237606136,,
later_2024Q2,ablation_without_price,market,Bahraich APMC,324,86.10485293046368,209.45287769081884,0.16460903603766242,0.1402007553924928,0.912039931658402,,
later_2024Q2,ablation_without_price,market,Basti APMC,296,28.507655696288737,63.398981754547194,0.22230856093076504,0.29227053188527036,0.9347517322831453,,
later_2024Q2,ablation_without_price,market,Bindki APMC,293,101.13335247272707,275.0584328405423,0.3319744462962184,0.3412073003316496,0.7449572571509823,,
later_2024Q2,ablation_without_price,market,Chandoli APMC,318,5.0466649583483845,14.225465984441877,0.15961404910784088,0.1393903220600764,0.7726186872484685,,
later_2024Q2,ablation_without_price,market,Fatehpur APMC,287,36.926978467335964,87.70691867098418,0.4813944311513093,0.5047805595238146,0.655739086676846,,
later_2024Q2,ablation_without_price,market,Gazipur APMC,138,9.78770743795503,15.705098912841391,0.16898581589363118,0.1653235743758223,0.7480406896151628,,
later_2024Q2,ablation_without_price,market,Ghaziabad APMC,318,50.30474823741843,82.13640911054422,0.1526859782332639,0.16821247377488735,0.9231801703172173,,
later_2024Q2,ablation_without_price,market,Kayamganj APMC,317,20.415904409214278,43.800048025581184,0.21127025422651802,0.23371492424188334,0.87867043176666,,
later_2024Q2,ablation_without_price,market,Lakhimpur APMC,316,92.2917524618052,247.8402590956067,0.2511275328970271,0.18213276377487145,0.8198561994860538,,
later_2024Q2,ablation_without_price,market,Lucknow APMC,314,24.267246476844313,45.57639430933068,0.08979607572331559,0.09214601831988771,0.9177398738988383,,
later_2024Q2,ablation_without_price,market,Muradabad APMC,314,20.169549698482513,32.89675286907252,0.14258110033710072,0.15776615393947593,0.7549536355205086,,
later_2024Q2,ablation_without_price,market,Muzzafarnagar APMC,301,32.4785681376198,73.1788110624395,0.2517122062666025,0.2255658330467938,0.6869208576790069,,
later_2024Q2,ablation_without_price,market,Saharanpur APMC,308,30.125424295464807,58.27969966978206,0.15205136887736034,0.16399928788334006,0.9371344844984895,,
later_2024Q2,ablation_without_price,market,Unnao APMC,337,12.940364378278074,31.717119828716708,0.1364761027076671,0.16606921303154687,0.9703075480385142,,
later_2024Q2,ablation_without_price,month,2024-04,1577,42.51881239586633,137.03886813782165,0.23478072923249987,0.23730307708329007,0.8473976771288472,,
later_2024Q2,ablation_without_price,month,2024-05,1678,41.60959044170233,128.0569835117569,0.19918334378678962,0.21175097783525695,0.8798572844099566,,
later_2024Q2,ablation_without_price,month,2024-06,1546,31.26162988446754,91.18510911604962,0.17827724511231505,0.211446248729454,0.9113931941171414,,
later_2024Q2,ablation_without_seasonality,overall,all,4801,38.66364471079097,121.50077196738602,0.20460586367086492,0.22051103582410486,0.8754905343498802,2.123114800080657,0.4359780000522733
later_2024Q2,ablation_without_seasonality,commodity,Onion,1253,8.095903190238765,13.53970259249588,0.16166079993002633,0.22080942028978784,0.9248053286782252,,
later_2024Q2,ablation_without_seasonality,commodity,Potato,1254,19.912464702033983,41.97469853136304,0.1605676127530186,0.20123445520463973,0.9104771607014085,,
later_2024Q2,ablation_without_seasonality,commodity,Rice,1147,23.97948678321172,61.88026692877838,0.23241729055532792,0.2253715239761898,0.8025990162916002,,
later_2024Q2,ablation_without_seasonality,commodity,Wheat,1147,107.24088010675135,236.29535358855603,0.21556235343037627,0.23639941982660453,0.827915159297681,,
later_2024Q2,ablation_without_seasonality,market,Achalda APMC,302,12.78532686814738,35.13239244729393,0.2891914612616098,0.3165914769529401,0.718608241810933,,
later_2024Q2,ablation_without_seasonality,market,Auraiya APMC,318,43.465117635142654,114.92474011788673,0.3106849502225376,0.25091799565105166,0.8177749522233035,,
later_2024Q2,ablation_without_seasonality,market,Bahraich APMC,324,88.33041392295151,216.11321967610175,0.16886370272773035,0.14069520985128392,0.9063569474799825,,
later_2024Q2,ablation_without_seasonality,market,Basti APMC,296,27.995782026653664,61.55899845418927,0.2183168648022848,0.2913876993914958,0.9384840817314769,,
later_2024Q2,ablation_without_seasonality,market,Bindki APMC,293,100.63026982081519,274.2814491545577,0.33032305651504096,0.34182548509712324,0.7463961089758067,,
later_2024Q2,ablation_without_seasonality,market,Chandoli APMC,318,4.870544936855261,13.37216133102354,0.15404379033467333,0.1380885353125744,0.7990791616366352,,
later_2024Q2,ablation_without_seasonality,market,Fatehpur APMC,287,36.67220804636351,87.1733536002789,0.4780731450085316,0.5025559842164508,0.659914968708307,,
later_2024Q2,ablation_without_seasonality,market,Gazipur APMC,138,9.969579003645833,15.769971267138391,0.1721258479298292,0.1671699022458208,0.7459548763483749,,
later_2024Q2,ablation_without_seasonality,market,Ghaziabad APMC,318,49.73325112157436,80.91294138788632,0.1509513587540388,0.16714251635518854,0.9254516743128491,,
later_2024Q2,ablation_without_seasonality,market,Kayamganj APMC,317,20.987639459587363,45.67925690765037,0.21718674986743688,0.23388497045974552,0.8680359792349993,,
later_2024Q2,ablation_without_seasonality,market,Lakhimpur APMC,316,90.92117754145565,246.3568257717666,0.24739817367242717,0.18814645391238868,0.822006226031839,,
later_2024Q2,ablation_without_seasonality,market,Lucknow APMC,314,23.853087966175224,45.23336446538094,0.08826356526643357,0.09103922337792786,0.9189734725080767,,
later_2024Q2,ablation_without_seasonality,market,Muradabad APMC,314,20.198109522339134,32.488818659980254,0.14278299334769268,0.1593196385790313,0.7609933199818755,,
later_2024Q2,ablation_without_seasonality,market,Muzzafarnagar APMC,301,32.22726208790571,71.53408479809289,0.24976455882248969,0.22655153872523143,0.7008358925472846,,
later_2024Q2,ablation_without_seasonality,market,Saharanpur APMC,308,29.736135798740733,56.70836620976856,0.15008652190177713,0.16311527496096506,0.9404787365226581,,
later_2024Q2,ablation_without_seasonality,market,Unnao APMC,337,12.49403320439887,30.1514599965058,0.1317688520192535,0.16698384631556326,0.9731666268912205,,
later_2024Q2,ablation_without_seasonality,month,2024-04,1577,43.35861183751281,139.9524700966934,0.23941794072098388,0.23963754582816751,0.8408396980414932,,
later_2024Q2,ablation_without_seasonality,month,2024-05,1678,41.28695620967931,128.21136722192657,0.19763890740872755,0.21041729426004271,0.8795674250313323,,
later_2024Q2,ablation_without_seasonality,month,2024-06,1546,31.02724118299344,89.56926913714337,0.176940585055284,0.2119565675628432,0.9145056729875904,,
later_2024Q2,prespecified_log_full,overall,all,4801,38.5384677517132,120.9093911924285,0.20394343414526325,0.2197312463662036,0.8766996346268876,3.0076218000613153,0.400698299985379
later_2024Q2,prespecified_log_full,commodity,Onion,1253,8.082526591257148,13.514806099218317,0.16139369301917308,0.22111422518414883,0.9250816068969179,,
later_2024Q2,prespecified_log_full,commodity,Potato,1254,19.609169077823868,41.198691042783175,0.15812193588345053,0.19862115507119615,0.9137566709275531,,
later_2024Q2,prespecified_log_full,commodity,Rice,1147,23.88022433621694,61.59628396368671,0.23145520537006156,0.2258200437517042,0.8044066970481057,,
later_2024Q2,prespecified_log_full,commodity,Wheat,1147,107.1623910374001,235.2484026122864,0.21540458441084684,0.23521104708449897,0.8294366895617677,,
later_2024Q2,prespecified_log_full,market,Achalda APMC,302,12.797840386584696,35.01513020338745,0.2894745046847253,0.31675073848534147,0.7204835232740121,,
later_2024Q2,prespecified_log_full,market,Auraiya APMC,318,41.02575642065851,107.7745118639743,0.29324860451059054,0.2476664513891467,0.8397444270924017,,
later_2024Q2,prespecified_log_full,market,Bahraich APMC,324,87.13418043430053,212.26561021887937,0.16657682998198828,0.14070577697387981,0.9096616462499734,,
later_2024Q2,prespecified_log_full,market,Basti APMC,296,28.824151339450037,63.824814818222485,0.22477665903471417,0.2943540445554573,0.9338722802625226,,
later_2024Q2,prespecified_log_full,market,Bindki APMC,293,99.68930314394898,275.1225424707083,0.3272342941641628,0.33935375131966017,0.7448383544056099,,
later_2024Q2,prespecified_log_full,market,Chandoli APMC,318,4.940658972308041,13.96123184967224,0.156261331065091,0.13755905584581415,0.7809873272694784,,
later_2024Q2,prespecified_log_full,market,Fatehpur APMC,287,36.45675914144181,86.46392356173565,0.47526446941871325,0.5014406408730852,0.6654277726789715,,
later_2024Q2,prespecified_log_full,market,Gazipur APMC,138,9.856071079732535,15.767388981296076,0.1701661214816827,0.16584419812619816,0.7460380678018756,,
later_2024Q2,prespecified_log_full,market,Ghaziabad APMC,318,50.20033245929074,81.99580073075425,0.15236905337457723,0.16760537739141135,0.9234429591683987,,
later_2024Q2,prespecified_log_full,market,Kayamganj APMC,317,20.226740932200645,43.081034455223346,0.20931273056858957,0.23335686725778076,0.8826211839534762,,
later_2024Q2,prespecified_log_full,market,Lakhimpur APMC,316,91.93636443201348,246.72644596203244,0.25016051562016184,0.18173236747106483,0.8214717212840473,,
later_2024Q2,prespecified_log_full,market,Lucknow APMC,314,24.1696624359446,45.45981622718111,0.08943498556278258,0.09193651490895448,0.9181601556384553,,
later_2024Q2,prespecified_log_full,market,Muradabad APMC,314,20.350451124531496,33.18608590861593,0.1438599154204417,0.1588183764362298,0.7506242234894608,,
later_2024Q2,prespecified_log_full,market,Muzzafarnagar APMC,301,32.11877793032313,72.20267402247521,0.24892379556795272,0.22482650501176843,0.6952175183961202,,
later_2024Q2,prespecified_log_full,market,Saharanpur APMC,308,29.997312491162877,57.763649737131814,0.15140475308126716,0.16404552798052252,0.9382428674886397,,
later_2024Q2,prespecified_log_full,market,Unnao APMC,337,13.150104459719207,31.959122069921246,0.13868813538773012,0.16672194831832735,0.9698527114552006,,
later_2024Q2,prespecified_log_full,month,2024-04,1577,42.64434932501533,137.96307870313248,0.23547392008404108,0.23742146080904958,0.8453323905833471,,
later_2024Q2,prespecified_log_full,month,2024-05,1678,41.55472256902291,127.89716660548127,0.19892069360853162,0.211323456037559,0.8801569768614623,,
later_2024Q2,prespecified_log_full,month,2024-06,1546,31.07646851203459,90.71261434214563,0.17722131618280768,0.21081197340054872,0.9123090845236059,,
later_2024Q2,existing_lightgbm_bundle,overall,all,4801,37.97746527373679,117.97274297686073,0.20097464014287522,0.22018931993038085,0.882616339268882,11.558866300387308,1.6593120999168605
later_2024Q2,existing_lightgbm_bundle,commodity,Onion,1253,8.149645976310577,13.817510415185913,0.16273394786456594,0.2233692957732234,0.9216879817446637,,
later_2024Q2,existing_lightgbm_bundle,commodity,Potato,1254,19.40225537114534,41.50072078962201,0.15645345132242802,0.2007783961899163,0.9124875271760239,,
later_2024Q2,existing_lightgbm_bundle,commodity,Rice,1147,24.19436096690547,63.757974848147775,0.23449992376745124,0.22502044374959054,0.7904373006777289,,
later_2024Q2,existing_lightgbm_bundle,commodity,Wheat,1147,104.65295911633508,228.2502232280312,0.21036043473453295,0.23310605019962882,0.8394335993193521,,
later_2024Q2,existing_lightgbm_bundle,market,Achalda APMC,302,13.44731813113155,35.4737480035843,0.30416504955224305,0.31211060907002286,0.7131135242873077,,
later_2024Q2,existing_lightgbm_bundle,market,Auraiya APMC,318,41.01090215875407,107.26648469488023,0.2931424275146115,0.2510113045572555,0.8412516907053109,,
later_2024Q2,existing_lightgbm_bundle,market,Bahraich APMC,324,80.6339956805811,200.47231073002774,0.15415024646246742,0.13256166481356396,0.9194210344821023,,
later_2024Q2,existing_lightgbm_bundle,market,Basti APMC,296,28.26174983316018,64.16458692657926,0.22039093644634752,0.2941096109308975,0.933166342921761,,
later_2024Q2,existing_lightgbm_bundle,market,Bindki APMC,293,105.72847869424785,284.2462041106691,0.3470581397143909,0.3567194886524702,0.7276343157362798,,
later_2024Q2,existing_lightgbm_bundle,market,Chandoli APMC,318,5.3565223305861,14.03186138185898,0.1694141032499259,0.14358598119143348,0.7787657624632013,,
later_2024Q2,existing_lightgbm_bundle,market,Fatehpur APMC,287,36.802644520268146,84.92499802881098,0.4797735655347397,0.5202454229624868,0.677231532412055,,
later_2024Q2,existing_lightgbm_bundle,market,Gazipur APMC,138,10.07229170358783,16.220530798900686,0.17389919368136125,0.16400426775527957,0.731230995412677,,
later_2024Q2,existing_lightgbm_bundle,market,Ghaziabad APMC,318,52.24470237434631,84.85264843822586,0.15857416583985995,0.16741791314976234,0.9180153173542873,,
later_2024Q2,existing_lightgbm_bundle,market,Kayamganj APMC,317,20.31442487190009,45.028744173627715,0.21022011178769068,0.23141061956179554,0.8717677836806685,,
later_2024Q2,existing_lightgbm_bundle,market,Lakhimpur APMC,316,85.00712351587696,223.7417589131489,0.23130592537019729,0.17820286089131163,0.8531852439571732,,
later_2024Q2,existing_lightgbm_bundle,market,Lucknow APMC,314,22.264533939384304,41.711588364401855,0.08238543987563543,0.08683859006157457,0.9310994165983033,,
later_2024Q2,existing_lightgbm_bundle,market,Muradabad APMC,314,19.75814554270379,32.91772765534881,0.13967283227504285,0.15486514082918246,0.7546410555102223,,
later_2024Q2,existing_lightgbm_bundle,market,Muzzafarnagar APMC,301,33.59195123913602,76.44454814271151,0.26034103853885976,0.22442349444152185,0.6583538957994552,,
later_2024Q2,existing_lightgbm_bundle,market,Saharanpur APMC,308,30.753001010089967,59.00127868209547,0.15521892255555628,0.1675387548090612,0.9355681325772752,,
later_2024Q2,existing_lightgbm_bundle,market,Unnao APMC,337,10.113488466270452,26.019213090454972,0.1066623357973168,0.15716551274657972,0.9800176347820689,,
later_2024Q2,existing_lightgbm_bundle,month,2024-04,1577,40.46141750738353,127.16656562318575,0.2234201891557933,0.23379119285905334,0.8685926965383806,,
later_2024Q2,existing_lightgbm_bundle,month,2024-05,1678,41.14128593050547,129.6725864825828,0.196941589963682,0.21280767329737724,0.8768066525509304,,
later_2024Q2,existing_lightgbm_bundle,month,2024-06,1546,32.00975263821365,92.0533077233123,0.18254360179418347,0.21432660934930947,0.9096978617535151,,
